<?xml version='1.0' encoding='UTF-8'?>
<DEFECTS><DEFECT><SFA><FILEPATH>c:\users\arjun\documents\opengl_configuration\nanogui\include\nanogui\</FILEPATH><FILENAME>layout.h</FILENAME><LINE>275</LINE><COLUMN>28</COLUMN></SFA><DEFECTCODE>6340</DEFECTCODE><DESCRIPTION>Mismatch on sign: 'const unsigned char' passed as _Param_(4) when some signed type is required in call to '_snprintf'.</DESCRIPTION><FUNCTION>nanogui::AdvancedGridLayout::Anchor::operator class std::basic_string&lt;char,struct std::char_traits&lt;char&gt;,class std::allocator&lt;char&gt; &gt;</FUNCTION><DECORATED>??BAnchor@AdvancedGridLayout@nanogui@@QEBA?AV?$basic_string@DU?$char_traits@D@std@@V?$allocator@D@2@@std@@XZ</DECORATED><FUNCLINE>273</FUNCLINE><PATH/></DEFECT><DEFECT><SFA><FILEPATH>c:\users\arjun\documents\opengl_configuration\nanogui\include\nanogui\</FILEPATH><FILENAME>layout.h</FILENAME><LINE>275</LINE><COLUMN>28</COLUMN></SFA><DEFECTCODE>6340</DEFECTCODE><DESCRIPTION>Mismatch on sign: 'const unsigned char' passed as _Param_(5) when some signed type is required in call to '_snprintf'.</DESCRIPTION><FUNCTION>nanogui::AdvancedGridLayout::Anchor::operator class std::basic_string&lt;char,struct std::char_traits&lt;char&gt;,class std::allocator&lt;char&gt; &gt;</FUNCTION><DECORATED>??BAnchor@AdvancedGridLayout@nanogui@@QEBA?AV?$basic_string@DU?$char_traits@D@std@@V?$allocator@D@2@@std@@XZ</DECORATED><FUNCLINE>273</FUNCLINE><PATH/></DEFECT><DEFECT><SFA><FILEPATH>c:\users\arjun\documents\opengl_configuration\nanogui\include\nanogui\</FILEPATH><FILENAME>layout.h</FILENAME><LINE>275</LINE><COLUMN>28</COLUMN></SFA><DEFECTCODE>6340</DEFECTCODE><DESCRIPTION>Mismatch on sign: 'const unsigned char' passed as _Param_(6) when some signed type is required in call to '_snprintf'.</DESCRIPTION><FUNCTION>nanogui::AdvancedGridLayout::Anchor::operator class std::basic_string&lt;char,struct std::char_traits&lt;char&gt;,class std::allocator&lt;char&gt; &gt;</FUNCTION><DECORATED>??BAnchor@AdvancedGridLayout@nanogui@@QEBA?AV?$basic_string@DU?$char_traits@D@std@@V?$allocator@D@2@@std@@XZ</DECORATED><FUNCLINE>273</FUNCLINE><PATH/></DEFECT><DEFECT><SFA><FILEPATH>c:\users\arjun\documents\opengl_configuration\nanogui\include\nanogui\</FILEPATH><FILENAME>layout.h</FILENAME><LINE>275</LINE><COLUMN>28</COLUMN></SFA><DEFECTCODE>6340</DEFECTCODE><DESCRIPTION>Mismatch on sign: 'const unsigned char' passed as _Param_(7) when some signed type is required in call to '_snprintf'.</DESCRIPTION><FUNCTION>nanogui::AdvancedGridLayout::Anchor::operator class std::basic_string&lt;char,struct std::char_traits&lt;char&gt;,class std::allocator&lt;char&gt; &gt;</FUNCTION><DECORATED>??BAnchor@AdvancedGridLayout@nanogui@@QEBA?AV?$basic_string@DU?$char_traits@D@std@@V?$allocator@D@2@@std@@XZ</DECORATED><FUNCLINE>273</FUNCLINE><PATH/></DEFECT><DEFECT><SFA><FILEPATH>c:\users\arjun\documents\visual studio 2015\code snippets\assignment6\</FILEPATH><FILENAME>object.h</FILENAME><LINE>126</LINE><COLUMN>13</COLUMN></SFA><DEFECTCODE>6031</DEFECTCODE><DESCRIPTION>Return value ignored: 'sscanf'.</DESCRIPTION><FUNCTION>Object::load_obj</FUNCTION><DECORATED>?load_obj@Object@@QEAAXV?$basic_string@DU?$char_traits@D@std@@V?$allocator@D@2@@std@@@Z</DECORATED><FUNCLINE>79</FUNCLINE><PATH/></DEFECT><DEFECT><SFA><FILEPATH>c:\users\arjun\documents\opengl_configuration\nanogui\ext\eigen\eigen\src\core\</FILEPATH><FILENAME>matrix.h</FILENAME><LINE>219</LINE><COLUMN>27</COLUMN></SFA><DEFECTCODE>6326</DEFECTCODE><DESCRIPTION>Potential comparison of a constant with another constant.</DESCRIPTION><FUNCTION>Eigen::Matrix&lt;float,4,4,0,4,4&gt;::{ctor}</FUNCTION><DECORATED>??0?$Matrix@M$03$03$0A@$03$03@Eigen@@QEAA@$$QEAV01@@Z</DECORATED><FUNCLINE>215</FUNCLINE><PATH/></DEFECT><DEFECT><SFA><FILEPATH>c:\users\arjun\documents\opengl_configuration\nanogui\ext\eigen\eigen\src\core\</FILEPATH><FILENAME>matrix.h</FILENAME><LINE>219</LINE><COLUMN>57</COLUMN></SFA><DEFECTCODE>6326</DEFECTCODE><DESCRIPTION>Potential comparison of a constant with another constant.</DESCRIPTION><FUNCTION>Eigen::Matrix&lt;float,4,4,0,4,4&gt;::{ctor}</FUNCTION><DECORATED>??0?$Matrix@M$03$03$0A@$03$03@Eigen@@QEAA@$$QEAV01@@Z</DECORATED><FUNCLINE>215</FUNCLINE><PATH/></DEFECT><DEFECT><SFA><FILEPATH>c:\users\arjun\documents\opengl_configuration\nanogui\ext\eigen\eigen\src\core\</FILEPATH><FILENAME>matrix.h</FILENAME><LINE>219</LINE><COLUMN>27</COLUMN></SFA><DEFECTCODE>6326</DEFECTCODE><DESCRIPTION>Potential comparison of a constant with another constant.</DESCRIPTION><FUNCTION>Eigen::Matrix&lt;int,2,1,0,2,1&gt;::{ctor}</FUNCTION><DECORATED>??0?$Matrix@H$01$00$0A@$01$00@Eigen@@QEAA@$$QEAV01@@Z</DECORATED><FUNCLINE>215</FUNCLINE><PATH/></DEFECT><DEFECT><SFA><FILEPATH>c:\users\arjun\documents\opengl_configuration\nanogui\ext\eigen\eigen\src\core\</FILEPATH><FILENAME>matrix.h</FILENAME><LINE>219</LINE><COLUMN>57</COLUMN></SFA><DEFECTCODE>6326</DEFECTCODE><DESCRIPTION>Potential comparison of a constant with another constant.</DESCRIPTION><FUNCTION>Eigen::Matrix&lt;int,2,1,0,2,1&gt;::{ctor}</FUNCTION><DECORATED>??0?$Matrix@H$01$00$0A@$01$00@Eigen@@QEAA@$$QEAV01@@Z</DECORATED><FUNCLINE>215</FUNCLINE><PATH/></DEFECT><DEFECT><SFA><FILEPATH>c:\users\arjun\documents\opengl_configuration\nanogui\ext\eigen\eigen\src\core\</FILEPATH><FILENAME>cwisebinaryop.h</FILENAME><LINE>144</LINE><COLUMN>93</COLUMN></SFA><DEFECTCODE>6326</DEFECTCODE><DESCRIPTION>Potential comparison of a constant with another constant.</DESCRIPTION><FUNCTION>Eigen::CwiseBinaryOp&lt;Eigen::internal::scalar_difference_op&lt;int&gt;,Eigen::Matrix&lt;int,2,1,0,2,1&gt; const ,Eigen::Matrix&lt;int,2,1,0,2,1&gt; const &gt;::cols</FUNCTION><DECORATED>?cols@?$CwiseBinaryOp@U?$scalar_difference_op@H@internal@Eigen@@$$CBV?$Matrix@H$01$00$0A@$01$00@3@$$CBV43@@Eigen@@QEBA_JXZ</DECORATED><FUNCLINE>142</FUNCLINE><PATH/></DEFECT><DEFECT><SFA><FILEPATH>c:\users\arjun\documents\opengl_configuration\nanogui\ext\eigen\eigen\src\core\</FILEPATH><FILENAME>cwisebinaryop.h</FILENAME><LINE>137</LINE><COLUMN>93</COLUMN></SFA><DEFECTCODE>6326</DEFECTCODE><DESCRIPTION>Potential comparison of a constant with another constant.</DESCRIPTION><FUNCTION>Eigen::CwiseBinaryOp&lt;Eigen::internal::scalar_difference_op&lt;int&gt;,Eigen::Matrix&lt;int,2,1,0,2,1&gt; const ,Eigen::Matrix&lt;int,2,1,0,2,1&gt; const &gt;::rows</FUNCTION><DECORATED>?rows@?$CwiseBinaryOp@U?$scalar_difference_op@H@internal@Eigen@@$$CBV?$Matrix@H$01$00$0A@$01$00@3@$$CBV43@@Eigen@@QEBA_JXZ</DECORATED><FUNCLINE>135</FUNCLINE><PATH/></DEFECT><DEFECT><SFA><FILEPATH>c:\users\arjun\documents\opengl_configuration\nanogui\ext\eigen\eigen\src\core\</FILEPATH><FILENAME>redux.h</FILENAME><LINE>362</LINE><COLUMN>22</COLUMN></SFA><DEFECTCODE>6326</DEFECTCODE><DESCRIPTION>Potential comparison of a constant with another constant.</DESCRIPTION><FUNCTION>Eigen::DenseBase&lt;Eigen::CwiseBinaryOp&lt;Eigen::internal::scalar_product_op&lt;float,float&gt;,Eigen::Matrix&lt;float,4,1,0,4,1&gt; const ,Eigen::Matrix&lt;float,4,1,0,4,1&gt; const &gt; &gt;::sum</FUNCTION><DECORATED>?sum@?$DenseBase@V?$CwiseBinaryOp@U?$scalar_product_op@MM@internal@Eigen@@$$CBV?$Matrix@M$03$00$0A@$03$00@3@$$CBV43@@Eigen@@@Eigen@@QEBAMXZ</DECORATED><FUNCLINE>360</FUNCLINE><PATH/></DEFECT><DEFECT><SFA><FILEPATH>c:\users\arjun\documents\opengl_configuration\nanogui\ext\eigen\eigen\src\core\</FILEPATH><FILENAME>redux.h</FILENAME><LINE>362</LINE><COLUMN>47</COLUMN></SFA><DEFECTCODE>6326</DEFECTCODE><DESCRIPTION>Potential comparison of a constant with another constant.</DESCRIPTION><FUNCTION>Eigen::DenseBase&lt;Eigen::CwiseBinaryOp&lt;Eigen::internal::scalar_product_op&lt;float,float&gt;,Eigen::Matrix&lt;float,4,1,0,4,1&gt; const ,Eigen::Matrix&lt;float,4,1,0,4,1&gt; const &gt; &gt;::sum</FUNCTION><DECORATED>?sum@?$DenseBase@V?$CwiseBinaryOp@U?$scalar_product_op@MM@internal@Eigen@@$$CBV?$Matrix@M$03$00$0A@$03$00@3@$$CBV43@@Eigen@@@Eigen@@QEBAMXZ</DECORATED><FUNCLINE>360</FUNCLINE><PATH/></DEFECT><DEFECT><SFA><FILEPATH>c:\users\arjun\documents\opengl_configuration\nanogui\ext\eigen\eigen\src\core\</FILEPATH><FILENAME>matrix.h</FILENAME><LINE>219</LINE><COLUMN>27</COLUMN></SFA><DEFECTCODE>6326</DEFECTCODE><DESCRIPTION>Potential comparison of a constant with another constant.</DESCRIPTION><FUNCTION>Eigen::Matrix&lt;float,3,3,0,3,3&gt;::{ctor}</FUNCTION><DECORATED>??0?$Matrix@M$02$02$0A@$02$02@Eigen@@QEAA@$$QEAV01@@Z</DECORATED><FUNCLINE>215</FUNCLINE><PATH/></DEFECT><DEFECT><SFA><FILEPATH>c:\users\arjun\documents\opengl_configuration\nanogui\ext\eigen\eigen\src\core\</FILEPATH><FILENAME>matrix.h</FILENAME><LINE>219</LINE><COLUMN>57</COLUMN></SFA><DEFECTCODE>6326</DEFECTCODE><DESCRIPTION>Potential comparison of a constant with another constant.</DESCRIPTION><FUNCTION>Eigen::Matrix&lt;float,3,3,0,3,3&gt;::{ctor}</FUNCTION><DECORATED>??0?$Matrix@M$02$02$0A@$02$02@Eigen@@QEAA@$$QEAV01@@Z</DECORATED><FUNCLINE>215</FUNCLINE><PATH/></DEFECT><DEFECT><SFA><FILEPATH>c:\users\arjun\documents\opengl_configuration\nanogui\ext\eigen\eigen\src\core\</FILEPATH><FILENAME>cwisebinaryop.h</FILENAME><LINE>144</LINE><COLUMN>93</COLUMN></SFA><DEFECTCODE>6326</DEFECTCODE><DESCRIPTION>Potential comparison of a constant with another constant.</DESCRIPTION><FUNCTION>Eigen::CwiseBinaryOp&lt;Eigen::internal::scalar_cmp_op&lt;int,1&gt;,Eigen::ArrayWrapper&lt;Eigen::CwiseBinaryOp&lt;Eigen::internal::scalar_difference_op&lt;int&gt;,Eigen::Matrix&lt;int,2,1,0,2,1&gt; const ,Eigen::Matrix&lt;int,2,1,0,2,1&gt; const &gt; const &gt; const ,Eigen::ArrayWrapper&lt;Eigen::Matrix&lt;int,2,1,0,2,1&gt; const &gt; const &gt;::cols</FUNCTION><DECORATED>?cols@?$CwiseBinaryOp@U?$scalar_cmp_op@H$00@internal@Eigen@@$$CBV?$ArrayWrapper@$$CBV?$CwiseBinaryOp@U?$scalar_difference_op@H@internal@Eigen@@$$CBV?$Matrix@H$01$00$0A@$01$00@3@$$CBV43@@Eigen@@@3@$$CBV?$ArrayWrapper@$$CBV?$Matrix@H$01$00$0A@$01$00@Eigen@@@3@@Eigen@@QEBA_JXZ</DECORATED><FUNCLINE>142</FUNCLINE><PATH/></DEFECT><DEFECT><SFA><FILEPATH>c:\users\arjun\documents\opengl_configuration\nanogui\ext\eigen\eigen\src\core\</FILEPATH><FILENAME>cwisebinaryop.h</FILENAME><LINE>137</LINE><COLUMN>93</COLUMN></SFA><DEFECTCODE>6326</DEFECTCODE><DESCRIPTION>Potential comparison of a constant with another constant.</DESCRIPTION><FUNCTION>Eigen::CwiseBinaryOp&lt;Eigen::internal::scalar_cmp_op&lt;int,1&gt;,Eigen::ArrayWrapper&lt;Eigen::CwiseBinaryOp&lt;Eigen::internal::scalar_difference_op&lt;int&gt;,Eigen::Matrix&lt;int,2,1,0,2,1&gt; const ,Eigen::Matrix&lt;int,2,1,0,2,1&gt; const &gt; const &gt; const ,Eigen::ArrayWrapper&lt;Eigen::Matrix&lt;int,2,1,0,2,1&gt; const &gt; const &gt;::rows</FUNCTION><DECORATED>?rows@?$CwiseBinaryOp@U?$scalar_cmp_op@H$00@internal@Eigen@@$$CBV?$ArrayWrapper@$$CBV?$CwiseBinaryOp@U?$scalar_difference_op@H@internal@Eigen@@$$CBV?$Matrix@H$01$00$0A@$01$00@3@$$CBV43@@Eigen@@@3@$$CBV?$ArrayWrapper@$$CBV?$Matrix@H$01$00$0A@$01$00@Eigen@@@3@@Eigen@@QEBA_JXZ</DECORATED><FUNCLINE>135</FUNCLINE><PATH/></DEFECT><DEFECT><SFA><FILEPATH>c:\users\arjun\documents\opengl_configuration\nanogui\ext\eigen\eigen\src\core\</FILEPATH><FILENAME>cwisebinaryop.h</FILENAME><LINE>144</LINE><COLUMN>93</COLUMN></SFA><DEFECTCODE>6326</DEFECTCODE><DESCRIPTION>Potential comparison of a constant with another constant.</DESCRIPTION><FUNCTION>Eigen::CwiseBinaryOp&lt;Eigen::internal::scalar_cmp_op&lt;int,2&gt;,Eigen::CwiseNullaryOp&lt;Eigen::internal::scalar_constant_op&lt;int&gt;,Eigen::Array&lt;int,2,1,0,2,1&gt; &gt; const ,Eigen::ArrayWrapper&lt;Eigen::CwiseBinaryOp&lt;Eigen::internal::scalar_difference_op&lt;int&gt;,Eigen::Matrix&lt;int,2,1,0,2,1&gt; const ,Eigen::Matrix&lt;int,2,1,0,2,1&gt; const &gt; const &gt; const &gt;::cols</FUNCTION><DECORATED>?cols@?$CwiseBinaryOp@U?$scalar_cmp_op@H$01@internal@Eigen@@$$CBV?$CwiseNullaryOp@U?$scalar_constant_op@H@internal@Eigen@@V?$Array@H$01$00$0A@$01$00@3@@3@$$CBV?$ArrayWrapper@$$CBV?$CwiseBinaryOp@U?$scalar_difference_op@H@internal@Eigen@@$$CBV?$Matrix@H$01$00$0A@$01$00@3@$$CBV43@@Eigen@@@3@@Eigen@@QEBA_JXZ</DECORATED><FUNCLINE>142</FUNCLINE><PATH/></DEFECT><DEFECT><SFA><FILEPATH>c:\users\arjun\documents\opengl_configuration\nanogui\ext\eigen\eigen\src\core\</FILEPATH><FILENAME>cwisebinaryop.h</FILENAME><LINE>137</LINE><COLUMN>93</COLUMN></SFA><DEFECTCODE>6326</DEFECTCODE><DESCRIPTION>Potential comparison of a constant with another constant.</DESCRIPTION><FUNCTION>Eigen::CwiseBinaryOp&lt;Eigen::internal::scalar_cmp_op&lt;int,2&gt;,Eigen::CwiseNullaryOp&lt;Eigen::internal::scalar_constant_op&lt;int&gt;,Eigen::Array&lt;int,2,1,0,2,1&gt; &gt; const ,Eigen::ArrayWrapper&lt;Eigen::CwiseBinaryOp&lt;Eigen::internal::scalar_difference_op&lt;int&gt;,Eigen::Matrix&lt;int,2,1,0,2,1&gt; const ,Eigen::Matrix&lt;int,2,1,0,2,1&gt; const &gt; const &gt; const &gt;::rows</FUNCTION><DECORATED>?rows@?$CwiseBinaryOp@U?$scalar_cmp_op@H$01@internal@Eigen@@$$CBV?$CwiseNullaryOp@U?$scalar_constant_op@H@internal@Eigen@@V?$Array@H$01$00$0A@$01$00@3@@3@$$CBV?$ArrayWrapper@$$CBV?$CwiseBinaryOp@U?$scalar_difference_op@H@internal@Eigen@@$$CBV?$Matrix@H$01$00$0A@$01$00@3@$$CBV43@@Eigen@@@3@@Eigen@@QEBA_JXZ</DECORATED><FUNCLINE>135</FUNCLINE><PATH/></DEFECT><DEFECT><SFA><FILEPATH>c:\users\arjun\documents\opengl_configuration\nanogui\ext\eigen\eigen\src\core\</FILEPATH><FILENAME>cwisebinaryop.h</FILENAME><LINE>144</LINE><COLUMN>93</COLUMN></SFA><DEFECTCODE>6326</DEFECTCODE><DESCRIPTION>Potential comparison of a constant with another constant.</DESCRIPTION><FUNCTION>Eigen::CwiseBinaryOp&lt;Eigen::internal::scalar_sum_op&lt;int&gt;,Eigen::Matrix&lt;int,2,1,0,2,1&gt; const ,Eigen::Matrix&lt;int,2,1,0,2,1&gt; const &gt;::cols</FUNCTION><DECORATED>?cols@?$CwiseBinaryOp@U?$scalar_sum_op@H@internal@Eigen@@$$CBV?$Matrix@H$01$00$0A@$01$00@3@$$CBV43@@Eigen@@QEBA_JXZ</DECORATED><FUNCLINE>142</FUNCLINE><PATH/></DEFECT><DEFECT><SFA><FILEPATH>c:\users\arjun\documents\opengl_configuration\nanogui\ext\eigen\eigen\src\core\</FILEPATH><FILENAME>cwisebinaryop.h</FILENAME><LINE>137</LINE><COLUMN>93</COLUMN></SFA><DEFECTCODE>6326</DEFECTCODE><DESCRIPTION>Potential comparison of a constant with another constant.</DESCRIPTION><FUNCTION>Eigen::CwiseBinaryOp&lt;Eigen::internal::scalar_sum_op&lt;int&gt;,Eigen::Matrix&lt;int,2,1,0,2,1&gt; const ,Eigen::Matrix&lt;int,2,1,0,2,1&gt; const &gt;::rows</FUNCTION><DECORATED>?rows@?$CwiseBinaryOp@U?$scalar_sum_op@H@internal@Eigen@@$$CBV?$Matrix@H$01$00$0A@$01$00@3@$$CBV43@@Eigen@@QEBA_JXZ</DECORATED><FUNCLINE>135</FUNCLINE><PATH/></DEFECT><DEFECT><SFA><FILEPATH>c:\users\arjun\documents\opengl_configuration\nanogui\ext\eigen\eigen\src\core\</FILEPATH><FILENAME>redux.h</FILENAME><LINE>362</LINE><COLUMN>22</COLUMN></SFA><DEFECTCODE>6326</DEFECTCODE><DESCRIPTION>Potential comparison of a constant with another constant.</DESCRIPTION><FUNCTION>Eigen::DenseBase&lt;Eigen::CwiseUnaryOp&lt;Eigen::internal::scalar_abs2_op&lt;float&gt;,Eigen::Matrix&lt;float,3,1,0,3,1&gt; const &gt; &gt;::sum</FUNCTION><DECORATED>?sum@?$DenseBase@V?$CwiseUnaryOp@U?$scalar_abs2_op@M@internal@Eigen@@$$CBV?$Matrix@M$02$00$0A@$02$00@3@@Eigen@@@Eigen@@QEBAMXZ</DECORATED><FUNCLINE>360</FUNCLINE><PATH/></DEFECT><DEFECT><SFA><FILEPATH>c:\users\arjun\documents\opengl_configuration\nanogui\ext\eigen\eigen\src\core\</FILEPATH><FILENAME>redux.h</FILENAME><LINE>362</LINE><COLUMN>47</COLUMN></SFA><DEFECTCODE>6326</DEFECTCODE><DESCRIPTION>Potential comparison of a constant with another constant.</DESCRIPTION><FUNCTION>Eigen::DenseBase&lt;Eigen::CwiseUnaryOp&lt;Eigen::internal::scalar_abs2_op&lt;float&gt;,Eigen::Matrix&lt;float,3,1,0,3,1&gt; const &gt; &gt;::sum</FUNCTION><DECORATED>?sum@?$DenseBase@V?$CwiseUnaryOp@U?$scalar_abs2_op@M@internal@Eigen@@$$CBV?$Matrix@M$02$00$0A@$02$00@3@@Eigen@@@Eigen@@QEBAMXZ</DECORATED><FUNCLINE>360</FUNCLINE><PATH/></DEFECT><DEFECT><SFA><FILEPATH>c:\users\arjun\documents\opengl_configuration\nanogui\ext\eigen\eigen\src\core\</FILEPATH><FILENAME>redux.h</FILENAME><LINE>362</LINE><COLUMN>22</COLUMN></SFA><DEFECTCODE>6326</DEFECTCODE><DESCRIPTION>Potential comparison of a constant with another constant.</DESCRIPTION><FUNCTION>Eigen::DenseBase&lt;Eigen::CwiseBinaryOp&lt;Eigen::internal::scalar_conj_product_op&lt;float,float&gt;,Eigen::Matrix&lt;float,3,1,0,3,1&gt; const ,Eigen::Matrix&lt;float,3,1,0,3,1&gt; const &gt; &gt;::sum</FUNCTION><DECORATED>?sum@?$DenseBase@V?$CwiseBinaryOp@U?$scalar_conj_product_op@MM@internal@Eigen@@$$CBV?$Matrix@M$02$00$0A@$02$00@3@$$CBV43@@Eigen@@@Eigen@@QEBAMXZ</DECORATED><FUNCLINE>360</FUNCLINE><PATH/></DEFECT><DEFECT><SFA><FILEPATH>c:\users\arjun\documents\opengl_configuration\nanogui\ext\eigen\eigen\src\core\</FILEPATH><FILENAME>redux.h</FILENAME><LINE>362</LINE><COLUMN>47</COLUMN></SFA><DEFECTCODE>6326</DEFECTCODE><DESCRIPTION>Potential comparison of a constant with another constant.</DESCRIPTION><FUNCTION>Eigen::DenseBase&lt;Eigen::CwiseBinaryOp&lt;Eigen::internal::scalar_conj_product_op&lt;float,float&gt;,Eigen::Matrix&lt;float,3,1,0,3,1&gt; const ,Eigen::Matrix&lt;float,3,1,0,3,1&gt; const &gt; &gt;::sum</FUNCTION><DECORATED>?sum@?$DenseBase@V?$CwiseBinaryOp@U?$scalar_conj_product_op@MM@internal@Eigen@@$$CBV?$Matrix@M$02$00$0A@$02$00@3@$$CBV43@@Eigen@@@Eigen@@QEBAMXZ</DECORATED><FUNCLINE>360</FUNCLINE><PATH/></DEFECT><DEFECT><SFA><FILEPATH>c:\users\arjun\documents\opengl_configuration\nanogui\ext\eigen\eigen\src\core\</FILEPATH><FILENAME>redux.h</FILENAME><LINE>304</LINE><COLUMN>23</COLUMN></SFA><DEFECTCODE>6326</DEFECTCODE><DESCRIPTION>Potential comparison of a constant with another constant.</DESCRIPTION><FUNCTION>Eigen::internal::redux_impl&lt;Eigen::internal::scalar_sum_op&lt;float&gt;,Eigen::CwiseBinaryOp&lt;Eigen::internal::scalar_product_op&lt;float,float&gt;,Eigen::Matrix&lt;float,4,1,0,4,1&gt; const ,Eigen::Matrix&lt;float,4,1,0,4,1&gt; const &gt;,3,2&gt;::run</FUNCTION><DECORATED>?run@?$redux_impl@U?$scalar_sum_op@M@internal@Eigen@@V?$CwiseBinaryOp@U?$scalar_product_op@MM@internal@Eigen@@$$CBV?$Matrix@M$03$00$0A@$03$00@3@$$CBV43@@3@$02$01@internal@Eigen@@SAMAEBV?$CwiseBinaryOp@U?$scalar_product_op@MM@internal@Eigen@@$$CBV?$Matrix@M$03$00$0A@$03$00@3@$$CBV43@@3@AEBU?$scalar_sum_op@M@23@@Z</DECORATED><FUNCLINE>300</FUNCLINE><PATH/></DEFECT><DEFECT><SFA><FILEPATH>c:\users\arjun\documents\opengl_configuration\nanogui\ext\eigen\eigen\src\core\</FILEPATH><FILENAME>cwisebinaryop.h</FILENAME><LINE>144</LINE><COLUMN>93</COLUMN></SFA><DEFECTCODE>6326</DEFECTCODE><DESCRIPTION>Potential comparison of a constant with another constant.</DESCRIPTION><FUNCTION>Eigen::CwiseBinaryOp&lt;Eigen::internal::scalar_product_op&lt;float,float&gt;,Eigen::Matrix&lt;float,4,1,0,4,1&gt; const ,Eigen::Matrix&lt;float,4,1,0,4,1&gt; const &gt;::cols</FUNCTION><DECORATED>?cols@?$CwiseBinaryOp@U?$scalar_product_op@MM@internal@Eigen@@$$CBV?$Matrix@M$03$00$0A@$03$00@3@$$CBV43@@Eigen@@QEBA_JXZ</DECORATED><FUNCLINE>142</FUNCLINE><PATH/></DEFECT><DEFECT><SFA><FILEPATH>c:\users\arjun\documents\opengl_configuration\nanogui\ext\eigen\eigen\src\core\</FILEPATH><FILENAME>cwisebinaryop.h</FILENAME><LINE>137</LINE><COLUMN>93</COLUMN></SFA><DEFECTCODE>6326</DEFECTCODE><DESCRIPTION>Potential comparison of a constant with another constant.</DESCRIPTION><FUNCTION>Eigen::CwiseBinaryOp&lt;Eigen::internal::scalar_product_op&lt;float,float&gt;,Eigen::Matrix&lt;float,4,1,0,4,1&gt; const ,Eigen::Matrix&lt;float,4,1,0,4,1&gt; const &gt;::rows</FUNCTION><DECORATED>?rows@?$CwiseBinaryOp@U?$scalar_product_op@MM@internal@Eigen@@$$CBV?$Matrix@M$03$00$0A@$03$00@3@$$CBV43@@Eigen@@QEBA_JXZ</DECORATED><FUNCLINE>135</FUNCLINE><PATH/></DEFECT><DEFECT><SFA><FILEPATH>c:\users\arjun\documents\opengl_configuration\nanogui\ext\eigen\eigen\src\core\</FILEPATH><FILENAME>densecoeffsbase.h</FILENAME><LINE>74</LINE><COLUMN>45</COLUMN></SFA><DEFECTCODE>6326</DEFECTCODE><DESCRIPTION>Potential comparison of a constant with another constant.</DESCRIPTION><FUNCTION>Eigen::DenseCoeffsBase&lt;Eigen::Matrix&lt;int,2,1,0,2,1&gt;,0&gt;::colIndexByOuterInner</FUNCTION><DECORATED>?colIndexByOuterInner@?$DenseCoeffsBase@V?$Matrix@H$01$00$0A@$01$00@Eigen@@$0A@@Eigen@@QEBA_J_J0@Z</DECORATED><FUNCLINE>72</FUNCLINE><PATH/></DEFECT><DEFECT><SFA><FILEPATH>c:\users\arjun\documents\opengl_configuration\nanogui\ext\eigen\eigen\src\core\</FILEPATH><FILENAME>densecoeffsbase.h</FILENAME><LINE>75</LINE><COLUMN>44</COLUMN></SFA><DEFECTCODE>6326</DEFECTCODE><DESCRIPTION>Potential comparison of a constant with another constant.</DESCRIPTION><FUNCTION>Eigen::DenseCoeffsBase&lt;Eigen::Matrix&lt;int,2,1,0,2,1&gt;,0&gt;::colIndexByOuterInner</FUNCTION><DECORATED>?colIndexByOuterInner@?$DenseCoeffsBase@V?$Matrix@H$01$00$0A@$01$00@Eigen@@$0A@@Eigen@@QEBA_J_J0@Z</DECORATED><FUNCLINE>72</FUNCLINE><PATH/></DEFECT><DEFECT><SFA><FILEPATH>c:\users\arjun\documents\opengl_configuration\nanogui\ext\eigen\eigen\src\core\</FILEPATH><FILENAME>densecoeffsbase.h</FILENAME><LINE>66</LINE><COLUMN>45</COLUMN></SFA><DEFECTCODE>6326</DEFECTCODE><DESCRIPTION>Potential comparison of a constant with another constant.</DESCRIPTION><FUNCTION>Eigen::DenseCoeffsBase&lt;Eigen::Matrix&lt;int,2,1,0,2,1&gt;,0&gt;::rowIndexByOuterInner</FUNCTION><DECORATED>?rowIndexByOuterInner@?$DenseCoeffsBase@V?$Matrix@H$01$00$0A@$01$00@Eigen@@$0A@@Eigen@@QEBA_J_J0@Z</DECORATED><FUNCLINE>64</FUNCLINE><PATH/></DEFECT><DEFECT><SFA><FILEPATH>c:\users\arjun\documents\opengl_configuration\nanogui\ext\eigen\eigen\src\core\</FILEPATH><FILENAME>densecoeffsbase.h</FILENAME><LINE>67</LINE><COLUMN>44</COLUMN></SFA><DEFECTCODE>6326</DEFECTCODE><DESCRIPTION>Potential comparison of a constant with another constant.</DESCRIPTION><FUNCTION>Eigen::DenseCoeffsBase&lt;Eigen::Matrix&lt;int,2,1,0,2,1&gt;,0&gt;::rowIndexByOuterInner</FUNCTION><DECORATED>?rowIndexByOuterInner@?$DenseCoeffsBase@V?$Matrix@H$01$00$0A@$01$00@Eigen@@$0A@@Eigen@@QEBA_J_J0@Z</DECORATED><FUNCLINE>64</FUNCLINE><PATH/></DEFECT><DEFECT><SFA><FILEPATH>c:\users\arjun\documents\opengl_configuration\nanogui\ext\eigen\eigen\src\core\</FILEPATH><FILENAME>redux.h</FILENAME><LINE>362</LINE><COLUMN>22</COLUMN></SFA><DEFECTCODE>6326</DEFECTCODE><DESCRIPTION>Potential comparison of a constant with another constant.</DESCRIPTION><FUNCTION>Eigen::DenseBase&lt;Eigen::CwiseUnaryOp&lt;Eigen::internal::scalar_abs2_op&lt;float&gt;,Eigen::Matrix&lt;float,4,1,0,4,1&gt; const &gt; &gt;::sum</FUNCTION><DECORATED>?sum@?$DenseBase@V?$CwiseUnaryOp@U?$scalar_abs2_op@M@internal@Eigen@@$$CBV?$Matrix@M$03$00$0A@$03$00@3@@Eigen@@@Eigen@@QEBAMXZ</DECORATED><FUNCLINE>360</FUNCLINE><PATH/></DEFECT><DEFECT><SFA><FILEPATH>c:\users\arjun\documents\opengl_configuration\nanogui\ext\eigen\eigen\src\core\</FILEPATH><FILENAME>redux.h</FILENAME><LINE>362</LINE><COLUMN>47</COLUMN></SFA><DEFECTCODE>6326</DEFECTCODE><DESCRIPTION>Potential comparison of a constant with another constant.</DESCRIPTION><FUNCTION>Eigen::DenseBase&lt;Eigen::CwiseUnaryOp&lt;Eigen::internal::scalar_abs2_op&lt;float&gt;,Eigen::Matrix&lt;float,4,1,0,4,1&gt; const &gt; &gt;::sum</FUNCTION><DECORATED>?sum@?$DenseBase@V?$CwiseUnaryOp@U?$scalar_abs2_op@M@internal@Eigen@@$$CBV?$Matrix@M$03$00$0A@$03$00@3@@Eigen@@@Eigen@@QEBAMXZ</DECORATED><FUNCLINE>360</FUNCLINE><PATH/></DEFECT><DEFECT><SFA><FILEPATH>c:\users\arjun\documents\opengl_configuration\nanogui\ext\eigen\eigen\src\core\</FILEPATH><FILENAME>densecoeffsbase.h</FILENAME><LINE>74</LINE><COLUMN>45</COLUMN></SFA><DEFECTCODE>6326</DEFECTCODE><DESCRIPTION>Potential comparison of a constant with another constant.</DESCRIPTION><FUNCTION>Eigen::DenseCoeffsBase&lt;Eigen::Block&lt;Eigen::Matrix&lt;float,4,4,0,4,4&gt;,3,3,0&gt;,0&gt;::colIndexByOuterInner</FUNCTION><DECORATED>?colIndexByOuterInner@?$DenseCoeffsBase@V?$Block@V?$Matrix@M$03$03$0A@$03$03@Eigen@@$02$02$0A@@Eigen@@$0A@@Eigen@@QEBA_J_J0@Z</DECORATED><FUNCLINE>72</FUNCLINE><PATH/></DEFECT><DEFECT><SFA><FILEPATH>c:\users\arjun\documents\opengl_configuration\nanogui\ext\eigen\eigen\src\core\</FILEPATH><FILENAME>densecoeffsbase.h</FILENAME><LINE>75</LINE><COLUMN>44</COLUMN></SFA><DEFECTCODE>6326</DEFECTCODE><DESCRIPTION>Potential comparison of a constant with another constant.</DESCRIPTION><FUNCTION>Eigen::DenseCoeffsBase&lt;Eigen::Block&lt;Eigen::Matrix&lt;float,4,4,0,4,4&gt;,3,3,0&gt;,0&gt;::colIndexByOuterInner</FUNCTION><DECORATED>?colIndexByOuterInner@?$DenseCoeffsBase@V?$Block@V?$Matrix@M$03$03$0A@$03$03@Eigen@@$02$02$0A@@Eigen@@$0A@@Eigen@@QEBA_J_J0@Z</DECORATED><FUNCLINE>72</FUNCLINE><PATH/></DEFECT><DEFECT><SFA><FILEPATH>c:\users\arjun\documents\opengl_configuration\nanogui\ext\eigen\eigen\src\core\</FILEPATH><FILENAME>densecoeffsbase.h</FILENAME><LINE>66</LINE><COLUMN>45</COLUMN></SFA><DEFECTCODE>6326</DEFECTCODE><DESCRIPTION>Potential comparison of a constant with another constant.</DESCRIPTION><FUNCTION>Eigen::DenseCoeffsBase&lt;Eigen::Block&lt;Eigen::Matrix&lt;float,4,4,0,4,4&gt;,3,3,0&gt;,0&gt;::rowIndexByOuterInner</FUNCTION><DECORATED>?rowIndexByOuterInner@?$DenseCoeffsBase@V?$Block@V?$Matrix@M$03$03$0A@$03$03@Eigen@@$02$02$0A@@Eigen@@$0A@@Eigen@@QEBA_J_J0@Z</DECORATED><FUNCLINE>64</FUNCLINE><PATH/></DEFECT><DEFECT><SFA><FILEPATH>c:\users\arjun\documents\opengl_configuration\nanogui\ext\eigen\eigen\src\core\</FILEPATH><FILENAME>densecoeffsbase.h</FILENAME><LINE>67</LINE><COLUMN>44</COLUMN></SFA><DEFECTCODE>6326</DEFECTCODE><DESCRIPTION>Potential comparison of a constant with another constant.</DESCRIPTION><FUNCTION>Eigen::DenseCoeffsBase&lt;Eigen::Block&lt;Eigen::Matrix&lt;float,4,4,0,4,4&gt;,3,3,0&gt;,0&gt;::rowIndexByOuterInner</FUNCTION><DECORATED>?rowIndexByOuterInner@?$DenseCoeffsBase@V?$Block@V?$Matrix@M$03$03$0A@$03$03@Eigen@@$02$02$0A@@Eigen@@$0A@@Eigen@@QEBA_J_J0@Z</DECORATED><FUNCLINE>64</FUNCLINE><PATH/></DEFECT><DEFECT><SFA><FILEPATH>c:\users\arjun\documents\opengl_configuration\nanogui\ext\eigen\eigen\src\core\</FILEPATH><FILENAME>densecoeffsbase.h</FILENAME><LINE>74</LINE><COLUMN>45</COLUMN></SFA><DEFECTCODE>6326</DEFECTCODE><DESCRIPTION>Potential comparison of a constant with another constant.</DESCRIPTION><FUNCTION>Eigen::DenseCoeffsBase&lt;Eigen::CwiseBinaryOp&lt;Eigen::internal::scalar_product_op&lt;float,float&gt;,Eigen::Matrix&lt;float,4,1,0,4,1&gt; const ,Eigen::Matrix&lt;float,4,1,0,4,1&gt; const &gt;,0&gt;::colIndexByOuterInner</FUNCTION><DECORATED>?colIndexByOuterInner@?$DenseCoeffsBase@V?$CwiseBinaryOp@U?$scalar_product_op@MM@internal@Eigen@@$$CBV?$Matrix@M$03$00$0A@$03$00@3@$$CBV43@@Eigen@@$0A@@Eigen@@QEBA_J_J0@Z</DECORATED><FUNCLINE>72</FUNCLINE><PATH/></DEFECT><DEFECT><SFA><FILEPATH>c:\users\arjun\documents\opengl_configuration\nanogui\ext\eigen\eigen\src\core\</FILEPATH><FILENAME>densecoeffsbase.h</FILENAME><LINE>75</LINE><COLUMN>44</COLUMN></SFA><DEFECTCODE>6326</DEFECTCODE><DESCRIPTION>Potential comparison of a constant with another constant.</DESCRIPTION><FUNCTION>Eigen::DenseCoeffsBase&lt;Eigen::CwiseBinaryOp&lt;Eigen::internal::scalar_product_op&lt;float,float&gt;,Eigen::Matrix&lt;float,4,1,0,4,1&gt; const ,Eigen::Matrix&lt;float,4,1,0,4,1&gt; const &gt;,0&gt;::colIndexByOuterInner</FUNCTION><DECORATED>?colIndexByOuterInner@?$DenseCoeffsBase@V?$CwiseBinaryOp@U?$scalar_product_op@MM@internal@Eigen@@$$CBV?$Matrix@M$03$00$0A@$03$00@3@$$CBV43@@Eigen@@$0A@@Eigen@@QEBA_J_J0@Z</DECORATED><FUNCLINE>72</FUNCLINE><PATH/></DEFECT><DEFECT><SFA><FILEPATH>c:\users\arjun\documents\opengl_configuration\nanogui\ext\eigen\eigen\src\core\</FILEPATH><FILENAME>densecoeffsbase.h</FILENAME><LINE>66</LINE><COLUMN>45</COLUMN></SFA><DEFECTCODE>6326</DEFECTCODE><DESCRIPTION>Potential comparison of a constant with another constant.</DESCRIPTION><FUNCTION>Eigen::DenseCoeffsBase&lt;Eigen::CwiseBinaryOp&lt;Eigen::internal::scalar_product_op&lt;float,float&gt;,Eigen::Matrix&lt;float,4,1,0,4,1&gt; const ,Eigen::Matrix&lt;float,4,1,0,4,1&gt; const &gt;,0&gt;::rowIndexByOuterInner</FUNCTION><DECORATED>?rowIndexByOuterInner@?$DenseCoeffsBase@V?$CwiseBinaryOp@U?$scalar_product_op@MM@internal@Eigen@@$$CBV?$Matrix@M$03$00$0A@$03$00@3@$$CBV43@@Eigen@@$0A@@Eigen@@QEBA_J_J0@Z</DECORATED><FUNCLINE>64</FUNCLINE><PATH/></DEFECT><DEFECT><SFA><FILEPATH>c:\users\arjun\documents\opengl_configuration\nanogui\ext\eigen\eigen\src\core\</FILEPATH><FILENAME>densecoeffsbase.h</FILENAME><LINE>67</LINE><COLUMN>44</COLUMN></SFA><DEFECTCODE>6326</DEFECTCODE><DESCRIPTION>Potential comparison of a constant with another constant.</DESCRIPTION><FUNCTION>Eigen::DenseCoeffsBase&lt;Eigen::CwiseBinaryOp&lt;Eigen::internal::scalar_product_op&lt;float,float&gt;,Eigen::Matrix&lt;float,4,1,0,4,1&gt; const ,Eigen::Matrix&lt;float,4,1,0,4,1&gt; const &gt;,0&gt;::rowIndexByOuterInner</FUNCTION><DECORATED>?rowIndexByOuterInner@?$DenseCoeffsBase@V?$CwiseBinaryOp@U?$scalar_product_op@MM@internal@Eigen@@$$CBV?$Matrix@M$03$00$0A@$03$00@3@$$CBV43@@Eigen@@$0A@@Eigen@@QEBA_J_J0@Z</DECORATED><FUNCLINE>64</FUNCLINE><PATH/></DEFECT><DEFECT><SFA><FILEPATH>c:\users\arjun\documents\opengl_configuration\nanogui\ext\eigen\eigen\src\core\</FILEPATH><FILENAME>densecoeffsbase.h</FILENAME><LINE>74</LINE><COLUMN>45</COLUMN></SFA><DEFECTCODE>6326</DEFECTCODE><DESCRIPTION>Potential comparison of a constant with another constant.</DESCRIPTION><FUNCTION>Eigen::DenseCoeffsBase&lt;Eigen::CwiseBinaryOp&lt;Eigen::internal::scalar_conj_product_op&lt;float,float&gt;,Eigen::Matrix&lt;float,3,1,0,3,1&gt; const ,Eigen::Matrix&lt;float,3,1,0,3,1&gt; const &gt;,0&gt;::colIndexByOuterInner</FUNCTION><DECORATED>?colIndexByOuterInner@?$DenseCoeffsBase@V?$CwiseBinaryOp@U?$scalar_conj_product_op@MM@internal@Eigen@@$$CBV?$Matrix@M$02$00$0A@$02$00@3@$$CBV43@@Eigen@@$0A@@Eigen@@QEBA_J_J0@Z</DECORATED><FUNCLINE>72</FUNCLINE><PATH/></DEFECT><DEFECT><SFA><FILEPATH>c:\users\arjun\documents\opengl_configuration\nanogui\ext\eigen\eigen\src\core\</FILEPATH><FILENAME>densecoeffsbase.h</FILENAME><LINE>75</LINE><COLUMN>44</COLUMN></SFA><DEFECTCODE>6326</DEFECTCODE><DESCRIPTION>Potential comparison of a constant with another constant.</DESCRIPTION><FUNCTION>Eigen::DenseCoeffsBase&lt;Eigen::CwiseBinaryOp&lt;Eigen::internal::scalar_conj_product_op&lt;float,float&gt;,Eigen::Matrix&lt;float,3,1,0,3,1&gt; const ,Eigen::Matrix&lt;float,3,1,0,3,1&gt; const &gt;,0&gt;::colIndexByOuterInner</FUNCTION><DECORATED>?colIndexByOuterInner@?$DenseCoeffsBase@V?$CwiseBinaryOp@U?$scalar_conj_product_op@MM@internal@Eigen@@$$CBV?$Matrix@M$02$00$0A@$02$00@3@$$CBV43@@Eigen@@$0A@@Eigen@@QEBA_J_J0@Z</DECORATED><FUNCLINE>72</FUNCLINE><PATH/></DEFECT><DEFECT><SFA><FILEPATH>c:\users\arjun\documents\opengl_configuration\nanogui\ext\eigen\eigen\src\core\</FILEPATH><FILENAME>densecoeffsbase.h</FILENAME><LINE>66</LINE><COLUMN>45</COLUMN></SFA><DEFECTCODE>6326</DEFECTCODE><DESCRIPTION>Potential comparison of a constant with another constant.</DESCRIPTION><FUNCTION>Eigen::DenseCoeffsBase&lt;Eigen::CwiseBinaryOp&lt;Eigen::internal::scalar_conj_product_op&lt;float,float&gt;,Eigen::Matrix&lt;float,3,1,0,3,1&gt; const ,Eigen::Matrix&lt;float,3,1,0,3,1&gt; const &gt;,0&gt;::rowIndexByOuterInner</FUNCTION><DECORATED>?rowIndexByOuterInner@?$DenseCoeffsBase@V?$CwiseBinaryOp@U?$scalar_conj_product_op@MM@internal@Eigen@@$$CBV?$Matrix@M$02$00$0A@$02$00@3@$$CBV43@@Eigen@@$0A@@Eigen@@QEBA_J_J0@Z</DECORATED><FUNCLINE>64</FUNCLINE><PATH/></DEFECT><DEFECT><SFA><FILEPATH>c:\users\arjun\documents\opengl_configuration\nanogui\ext\eigen\eigen\src\core\</FILEPATH><FILENAME>densecoeffsbase.h</FILENAME><LINE>67</LINE><COLUMN>44</COLUMN></SFA><DEFECTCODE>6326</DEFECTCODE><DESCRIPTION>Potential comparison of a constant with another constant.</DESCRIPTION><FUNCTION>Eigen::DenseCoeffsBase&lt;Eigen::CwiseBinaryOp&lt;Eigen::internal::scalar_conj_product_op&lt;float,float&gt;,Eigen::Matrix&lt;float,3,1,0,3,1&gt; const ,Eigen::Matrix&lt;float,3,1,0,3,1&gt; const &gt;,0&gt;::rowIndexByOuterInner</FUNCTION><DECORATED>?rowIndexByOuterInner@?$DenseCoeffsBase@V?$CwiseBinaryOp@U?$scalar_conj_product_op@MM@internal@Eigen@@$$CBV?$Matrix@M$02$00$0A@$02$00@3@$$CBV43@@Eigen@@$0A@@Eigen@@QEBA_J_J0@Z</DECORATED><FUNCLINE>64</FUNCLINE><PATH/></DEFECT><DEFECT><SFA><FILEPATH>c:\users\arjun\documents\opengl_configuration\nanogui\ext\eigen\eigen\src\core\</FILEPATH><FILENAME>densecoeffsbase.h</FILENAME><LINE>74</LINE><COLUMN>45</COLUMN></SFA><DEFECTCODE>6326</DEFECTCODE><DESCRIPTION>Potential comparison of a constant with another constant.</DESCRIPTION><FUNCTION>Eigen::DenseCoeffsBase&lt;Eigen::CwiseUnaryOp&lt;Eigen::internal::scalar_abs2_op&lt;float&gt;,Eigen::Matrix&lt;float,3,1,0,3,1&gt; const &gt;,0&gt;::colIndexByOuterInner</FUNCTION><DECORATED>?colIndexByOuterInner@?$DenseCoeffsBase@V?$CwiseUnaryOp@U?$scalar_abs2_op@M@internal@Eigen@@$$CBV?$Matrix@M$02$00$0A@$02$00@3@@Eigen@@$0A@@Eigen@@QEBA_J_J0@Z</DECORATED><FUNCLINE>72</FUNCLINE><PATH/></DEFECT><DEFECT><SFA><FILEPATH>c:\users\arjun\documents\opengl_configuration\nanogui\ext\eigen\eigen\src\core\</FILEPATH><FILENAME>densecoeffsbase.h</FILENAME><LINE>75</LINE><COLUMN>44</COLUMN></SFA><DEFECTCODE>6326</DEFECTCODE><DESCRIPTION>Potential comparison of a constant with another constant.</DESCRIPTION><FUNCTION>Eigen::DenseCoeffsBase&lt;Eigen::CwiseUnaryOp&lt;Eigen::internal::scalar_abs2_op&lt;float&gt;,Eigen::Matrix&lt;float,3,1,0,3,1&gt; const &gt;,0&gt;::colIndexByOuterInner</FUNCTION><DECORATED>?colIndexByOuterInner@?$DenseCoeffsBase@V?$CwiseUnaryOp@U?$scalar_abs2_op@M@internal@Eigen@@$$CBV?$Matrix@M$02$00$0A@$02$00@3@@Eigen@@$0A@@Eigen@@QEBA_J_J0@Z</DECORATED><FUNCLINE>72</FUNCLINE><PATH/></DEFECT><DEFECT><SFA><FILEPATH>c:\users\arjun\documents\opengl_configuration\nanogui\ext\eigen\eigen\src\core\</FILEPATH><FILENAME>densecoeffsbase.h</FILENAME><LINE>66</LINE><COLUMN>45</COLUMN></SFA><DEFECTCODE>6326</DEFECTCODE><DESCRIPTION>Potential comparison of a constant with another constant.</DESCRIPTION><FUNCTION>Eigen::DenseCoeffsBase&lt;Eigen::CwiseUnaryOp&lt;Eigen::internal::scalar_abs2_op&lt;float&gt;,Eigen::Matrix&lt;float,3,1,0,3,1&gt; const &gt;,0&gt;::rowIndexByOuterInner</FUNCTION><DECORATED>?rowIndexByOuterInner@?$DenseCoeffsBase@V?$CwiseUnaryOp@U?$scalar_abs2_op@M@internal@Eigen@@$$CBV?$Matrix@M$02$00$0A@$02$00@3@@Eigen@@$0A@@Eigen@@QEBA_J_J0@Z</DECORATED><FUNCLINE>64</FUNCLINE><PATH/></DEFECT><DEFECT><SFA><FILEPATH>c:\users\arjun\documents\opengl_configuration\nanogui\ext\eigen\eigen\src\core\</FILEPATH><FILENAME>densecoeffsbase.h</FILENAME><LINE>67</LINE><COLUMN>44</COLUMN></SFA><DEFECTCODE>6326</DEFECTCODE><DESCRIPTION>Potential comparison of a constant with another constant.</DESCRIPTION><FUNCTION>Eigen::DenseCoeffsBase&lt;Eigen::CwiseUnaryOp&lt;Eigen::internal::scalar_abs2_op&lt;float&gt;,Eigen::Matrix&lt;float,3,1,0,3,1&gt; const &gt;,0&gt;::rowIndexByOuterInner</FUNCTION><DECORATED>?rowIndexByOuterInner@?$DenseCoeffsBase@V?$CwiseUnaryOp@U?$scalar_abs2_op@M@internal@Eigen@@$$CBV?$Matrix@M$02$00$0A@$02$00@3@@Eigen@@$0A@@Eigen@@QEBA_J_J0@Z</DECORATED><FUNCLINE>64</FUNCLINE><PATH/></DEFECT><DEFECT><SFA><FILEPATH>c:\users\arjun\documents\opengl_configuration\nanogui\ext\eigen\eigen\src\core\</FILEPATH><FILENAME>plainobjectbase.h</FILENAME><LINE>320</LINE><COLUMN>27</COLUMN></SFA><DEFECTCODE>6326</DEFECTCODE><DESCRIPTION>Potential comparison of a constant with another constant.</DESCRIPTION><FUNCTION>Eigen::PlainObjectBase&lt;Eigen::Matrix&lt;int,2,1,0,2,1&gt; &gt;::resizeLike</FUNCTION><DECORATED>??$resizeLike@V?$Matrix@H$01$00$0A@$01$00@Eigen@@@?$PlainObjectBase@V?$Matrix@H$01$00$0A@$01$00@Eigen@@@Eigen@@QEAAXAEBU?$EigenBase@V?$Matrix@H$01$00$0A@$01$00@Eigen@@@1@@Z</DECORATED><FUNCLINE>315</FUNCLINE><PATH/></DEFECT><DEFECT><SFA><FILEPATH>c:\users\arjun\documents\opengl_configuration\nanogui\ext\eigen\eigen\src\core\</FILEPATH><FILENAME>plainobjectbase.h</FILENAME><LINE>325</LINE><COLUMN>32</COLUMN></SFA><DEFECTCODE>6326</DEFECTCODE><DESCRIPTION>Potential comparison of a constant with another constant.</DESCRIPTION><FUNCTION>Eigen::PlainObjectBase&lt;Eigen::Matrix&lt;int,2,1,0,2,1&gt; &gt;::resizeLike</FUNCTION><DECORATED>??$resizeLike@V?$Matrix@H$01$00$0A@$01$00@Eigen@@@?$PlainObjectBase@V?$Matrix@H$01$00$0A@$01$00@Eigen@@@Eigen@@QEAAXAEBU?$EigenBase@V?$Matrix@H$01$00$0A@$01$00@Eigen@@@1@@Z</DECORATED><FUNCLINE>315</FUNCLINE><PATH/></DEFECT><DEFECT><SFA><FILEPATH>c:\users\arjun\documents\opengl_configuration\nanogui\ext\eigen\eigen\src\core\</FILEPATH><FILENAME>plainobjectbase.h</FILENAME><LINE>320</LINE><COLUMN>27</COLUMN></SFA><DEFECTCODE>6326</DEFECTCODE><DESCRIPTION>Potential comparison of a constant with another constant.</DESCRIPTION><FUNCTION>Eigen::PlainObjectBase&lt;Eigen::Matrix&lt;float,4,4,0,4,4&gt; &gt;::resizeLike</FUNCTION><DECORATED>??$resizeLike@V?$Matrix@M$03$03$0A@$03$03@Eigen@@@?$PlainObjectBase@V?$Matrix@M$03$03$0A@$03$03@Eigen@@@Eigen@@QEAAXAEBU?$EigenBase@V?$Matrix@M$03$03$0A@$03$03@Eigen@@@1@@Z</DECORATED><FUNCLINE>315</FUNCLINE><PATH/></DEFECT><DEFECT><SFA><FILEPATH>c:\users\arjun\documents\opengl_configuration\nanogui\ext\eigen\eigen\src\core\</FILEPATH><FILENAME>plainobjectbase.h</FILENAME><LINE>325</LINE><COLUMN>32</COLUMN></SFA><DEFECTCODE>6326</DEFECTCODE><DESCRIPTION>Potential comparison of a constant with another constant.</DESCRIPTION><FUNCTION>Eigen::PlainObjectBase&lt;Eigen::Matrix&lt;float,4,4,0,4,4&gt; &gt;::resizeLike</FUNCTION><DECORATED>??$resizeLike@V?$Matrix@M$03$03$0A@$03$03@Eigen@@@?$PlainObjectBase@V?$Matrix@M$03$03$0A@$03$03@Eigen@@@Eigen@@QEAAXAEBU?$EigenBase@V?$Matrix@M$03$03$0A@$03$03@Eigen@@@1@@Z</DECORATED><FUNCLINE>315</FUNCLINE><PATH/></DEFECT><DEFECT><SFA><FILEPATH>c:\users\arjun\documents\opengl_configuration\nanogui\ext\eigen\eigen\src\core\</FILEPATH><FILENAME>plainobjectbase.h</FILENAME><LINE>320</LINE><COLUMN>27</COLUMN></SFA><DEFECTCODE>6326</DEFECTCODE><DESCRIPTION>Potential comparison of a constant with another constant.</DESCRIPTION><FUNCTION>Eigen::PlainObjectBase&lt;Eigen::Matrix&lt;float,4,1,0,4,1&gt; &gt;::resizeLike</FUNCTION><DECORATED>??$resizeLike@V?$Matrix@M$03$00$0A@$03$00@Eigen@@@?$PlainObjectBase@V?$Matrix@M$03$00$0A@$03$00@Eigen@@@Eigen@@QEAAXAEBU?$EigenBase@V?$Matrix@M$03$00$0A@$03$00@Eigen@@@1@@Z</DECORATED><FUNCLINE>315</FUNCLINE><PATH/></DEFECT><DEFECT><SFA><FILEPATH>c:\users\arjun\documents\opengl_configuration\nanogui\ext\eigen\eigen\src\core\</FILEPATH><FILENAME>plainobjectbase.h</FILENAME><LINE>325</LINE><COLUMN>32</COLUMN></SFA><DEFECTCODE>6326</DEFECTCODE><DESCRIPTION>Potential comparison of a constant with another constant.</DESCRIPTION><FUNCTION>Eigen::PlainObjectBase&lt;Eigen::Matrix&lt;float,4,1,0,4,1&gt; &gt;::resizeLike</FUNCTION><DECORATED>??$resizeLike@V?$Matrix@M$03$00$0A@$03$00@Eigen@@@?$PlainObjectBase@V?$Matrix@M$03$00$0A@$03$00@Eigen@@@Eigen@@QEAAXAEBU?$EigenBase@V?$Matrix@M$03$00$0A@$03$00@Eigen@@@1@@Z</DECORATED><FUNCLINE>315</FUNCLINE><PATH/></DEFECT><DEFECT><SFA><FILEPATH>c:\users\arjun\documents\opengl_configuration\nanogui\ext\eigen\eigen\src\core\</FILEPATH><FILENAME>redux.h</FILENAME><LINE>304</LINE><COLUMN>23</COLUMN></SFA><DEFECTCODE>6326</DEFECTCODE><DESCRIPTION>Potential comparison of a constant with another constant.</DESCRIPTION><FUNCTION>Eigen::internal::redux_impl&lt;Eigen::internal::scalar_sum_op&lt;float&gt;,Eigen::CwiseUnaryOp&lt;Eigen::internal::scalar_abs2_op&lt;float&gt;,Eigen::Matrix&lt;float,4,1,0,4,1&gt; const &gt;,3,2&gt;::run</FUNCTION><DECORATED>?run@?$redux_impl@U?$scalar_sum_op@M@internal@Eigen@@V?$CwiseUnaryOp@U?$scalar_abs2_op@M@internal@Eigen@@$$CBV?$Matrix@M$03$00$0A@$03$00@3@@3@$02$01@internal@Eigen@@SAMAEBV?$CwiseUnaryOp@U?$scalar_abs2_op@M@internal@Eigen@@$$CBV?$Matrix@M$03$00$0A@$03$00@3@@3@AEBU?$scalar_sum_op@M@23@@Z</DECORATED><FUNCLINE>300</FUNCLINE><PATH/></DEFECT><DEFECT><SFA><FILEPATH>c:\users\arjun\documents\opengl_configuration\nanogui\ext\eigen\eigen\src\core\</FILEPATH><FILENAME>densecoeffsbase.h</FILENAME><LINE>74</LINE><COLUMN>45</COLUMN></SFA><DEFECTCODE>6326</DEFECTCODE><DESCRIPTION>Potential comparison of a constant with another constant.</DESCRIPTION><FUNCTION>Eigen::DenseCoeffsBase&lt;Eigen::Matrix&lt;float,4,4,0,4,4&gt;,0&gt;::colIndexByOuterInner</FUNCTION><DECORATED>?colIndexByOuterInner@?$DenseCoeffsBase@V?$Matrix@M$03$03$0A@$03$03@Eigen@@$0A@@Eigen@@QEBA_J_J0@Z</DECORATED><FUNCLINE>72</FUNCLINE><PATH/></DEFECT><DEFECT><SFA><FILEPATH>c:\users\arjun\documents\opengl_configuration\nanogui\ext\eigen\eigen\src\core\</FILEPATH><FILENAME>densecoeffsbase.h</FILENAME><LINE>75</LINE><COLUMN>44</COLUMN></SFA><DEFECTCODE>6326</DEFECTCODE><DESCRIPTION>Potential comparison of a constant with another constant.</DESCRIPTION><FUNCTION>Eigen::DenseCoeffsBase&lt;Eigen::Matrix&lt;float,4,4,0,4,4&gt;,0&gt;::colIndexByOuterInner</FUNCTION><DECORATED>?colIndexByOuterInner@?$DenseCoeffsBase@V?$Matrix@M$03$03$0A@$03$03@Eigen@@$0A@@Eigen@@QEBA_J_J0@Z</DECORATED><FUNCLINE>72</FUNCLINE><PATH/></DEFECT><DEFECT><SFA><FILEPATH>c:\users\arjun\documents\opengl_configuration\nanogui\ext\eigen\eigen\src\core\</FILEPATH><FILENAME>densecoeffsbase.h</FILENAME><LINE>66</LINE><COLUMN>45</COLUMN></SFA><DEFECTCODE>6326</DEFECTCODE><DESCRIPTION>Potential comparison of a constant with another constant.</DESCRIPTION><FUNCTION>Eigen::DenseCoeffsBase&lt;Eigen::Matrix&lt;float,4,4,0,4,4&gt;,0&gt;::rowIndexByOuterInner</FUNCTION><DECORATED>?rowIndexByOuterInner@?$DenseCoeffsBase@V?$Matrix@M$03$03$0A@$03$03@Eigen@@$0A@@Eigen@@QEBA_J_J0@Z</DECORATED><FUNCLINE>64</FUNCLINE><PATH/></DEFECT><DEFECT><SFA><FILEPATH>c:\users\arjun\documents\opengl_configuration\nanogui\ext\eigen\eigen\src\core\</FILEPATH><FILENAME>densecoeffsbase.h</FILENAME><LINE>67</LINE><COLUMN>44</COLUMN></SFA><DEFECTCODE>6326</DEFECTCODE><DESCRIPTION>Potential comparison of a constant with another constant.</DESCRIPTION><FUNCTION>Eigen::DenseCoeffsBase&lt;Eigen::Matrix&lt;float,4,4,0,4,4&gt;,0&gt;::rowIndexByOuterInner</FUNCTION><DECORATED>?rowIndexByOuterInner@?$DenseCoeffsBase@V?$Matrix@M$03$03$0A@$03$03@Eigen@@$0A@@Eigen@@QEBA_J_J0@Z</DECORATED><FUNCLINE>64</FUNCLINE><PATH/></DEFECT><DEFECT><SFA><FILEPATH>c:\users\arjun\documents\opengl_configuration\nanogui\ext\eigen\eigen\src\core\</FILEPATH><FILENAME>densecoeffsbase.h</FILENAME><LINE>74</LINE><COLUMN>45</COLUMN></SFA><DEFECTCODE>6326</DEFECTCODE><DESCRIPTION>Potential comparison of a constant with another constant.</DESCRIPTION><FUNCTION>Eigen::DenseCoeffsBase&lt;Eigen::Matrix&lt;float,4,1,0,4,1&gt;,0&gt;::colIndexByOuterInner</FUNCTION><DECORATED>?colIndexByOuterInner@?$DenseCoeffsBase@V?$Matrix@M$03$00$0A@$03$00@Eigen@@$0A@@Eigen@@QEBA_J_J0@Z</DECORATED><FUNCLINE>72</FUNCLINE><PATH/></DEFECT><DEFECT><SFA><FILEPATH>c:\users\arjun\documents\opengl_configuration\nanogui\ext\eigen\eigen\src\core\</FILEPATH><FILENAME>densecoeffsbase.h</FILENAME><LINE>75</LINE><COLUMN>44</COLUMN></SFA><DEFECTCODE>6326</DEFECTCODE><DESCRIPTION>Potential comparison of a constant with another constant.</DESCRIPTION><FUNCTION>Eigen::DenseCoeffsBase&lt;Eigen::Matrix&lt;float,4,1,0,4,1&gt;,0&gt;::colIndexByOuterInner</FUNCTION><DECORATED>?colIndexByOuterInner@?$DenseCoeffsBase@V?$Matrix@M$03$00$0A@$03$00@Eigen@@$0A@@Eigen@@QEBA_J_J0@Z</DECORATED><FUNCLINE>72</FUNCLINE><PATH/></DEFECT><DEFECT><SFA><FILEPATH>c:\users\arjun\documents\opengl_configuration\nanogui\ext\eigen\eigen\src\core\</FILEPATH><FILENAME>densecoeffsbase.h</FILENAME><LINE>66</LINE><COLUMN>45</COLUMN></SFA><DEFECTCODE>6326</DEFECTCODE><DESCRIPTION>Potential comparison of a constant with another constant.</DESCRIPTION><FUNCTION>Eigen::DenseCoeffsBase&lt;Eigen::Matrix&lt;float,4,1,0,4,1&gt;,0&gt;::rowIndexByOuterInner</FUNCTION><DECORATED>?rowIndexByOuterInner@?$DenseCoeffsBase@V?$Matrix@M$03$00$0A@$03$00@Eigen@@$0A@@Eigen@@QEBA_J_J0@Z</DECORATED><FUNCLINE>64</FUNCLINE><PATH/></DEFECT><DEFECT><SFA><FILEPATH>c:\users\arjun\documents\opengl_configuration\nanogui\ext\eigen\eigen\src\core\</FILEPATH><FILENAME>densecoeffsbase.h</FILENAME><LINE>67</LINE><COLUMN>44</COLUMN></SFA><DEFECTCODE>6326</DEFECTCODE><DESCRIPTION>Potential comparison of a constant with another constant.</DESCRIPTION><FUNCTION>Eigen::DenseCoeffsBase&lt;Eigen::Matrix&lt;float,4,1,0,4,1&gt;,0&gt;::rowIndexByOuterInner</FUNCTION><DECORATED>?rowIndexByOuterInner@?$DenseCoeffsBase@V?$Matrix@M$03$00$0A@$03$00@Eigen@@$0A@@Eigen@@QEBA_J_J0@Z</DECORATED><FUNCLINE>64</FUNCLINE><PATH/></DEFECT><DEFECT><SFA><FILEPATH>c:\users\arjun\documents\opengl_configuration\nanogui\ext\eigen\eigen\src\core\</FILEPATH><FILENAME>plainobjectbase.h</FILENAME><LINE>320</LINE><COLUMN>27</COLUMN></SFA><DEFECTCODE>6326</DEFECTCODE><DESCRIPTION>Potential comparison of a constant with another constant.</DESCRIPTION><FUNCTION>Eigen::PlainObjectBase&lt;Eigen::Matrix&lt;float,3,3,0,3,3&gt; &gt;::resizeLike</FUNCTION><DECORATED>??$resizeLike@V?$Matrix@M$02$02$0A@$02$02@Eigen@@@?$PlainObjectBase@V?$Matrix@M$02$02$0A@$02$02@Eigen@@@Eigen@@QEAAXAEBU?$EigenBase@V?$Matrix@M$02$02$0A@$02$02@Eigen@@@1@@Z</DECORATED><FUNCLINE>315</FUNCLINE><PATH/></DEFECT><DEFECT><SFA><FILEPATH>c:\users\arjun\documents\opengl_configuration\nanogui\ext\eigen\eigen\src\core\</FILEPATH><FILENAME>plainobjectbase.h</FILENAME><LINE>325</LINE><COLUMN>32</COLUMN></SFA><DEFECTCODE>6326</DEFECTCODE><DESCRIPTION>Potential comparison of a constant with another constant.</DESCRIPTION><FUNCTION>Eigen::PlainObjectBase&lt;Eigen::Matrix&lt;float,3,3,0,3,3&gt; &gt;::resizeLike</FUNCTION><DECORATED>??$resizeLike@V?$Matrix@M$02$02$0A@$02$02@Eigen@@@?$PlainObjectBase@V?$Matrix@M$02$02$0A@$02$02@Eigen@@@Eigen@@QEAAXAEBU?$EigenBase@V?$Matrix@M$02$02$0A@$02$02@Eigen@@@1@@Z</DECORATED><FUNCLINE>315</FUNCLINE><PATH/></DEFECT><DEFECT><SFA><FILEPATH>c:\users\arjun\documents\opengl_configuration\nanogui\ext\eigen\eigen\src\core\</FILEPATH><FILENAME>plainobjectbase.h</FILENAME><LINE>320</LINE><COLUMN>27</COLUMN></SFA><DEFECTCODE>6326</DEFECTCODE><DESCRIPTION>Potential comparison of a constant with another constant.</DESCRIPTION><FUNCTION>Eigen::PlainObjectBase&lt;Eigen::Matrix&lt;float,3,1,0,3,1&gt; &gt;::resizeLike</FUNCTION><DECORATED>??$resizeLike@V?$Matrix@M$02$00$0A@$02$00@Eigen@@@?$PlainObjectBase@V?$Matrix@M$02$00$0A@$02$00@Eigen@@@Eigen@@QEAAXAEBU?$EigenBase@V?$Matrix@M$02$00$0A@$02$00@Eigen@@@1@@Z</DECORATED><FUNCLINE>315</FUNCLINE><PATH/></DEFECT><DEFECT><SFA><FILEPATH>c:\users\arjun\documents\opengl_configuration\nanogui\ext\eigen\eigen\src\core\</FILEPATH><FILENAME>plainobjectbase.h</FILENAME><LINE>325</LINE><COLUMN>32</COLUMN></SFA><DEFECTCODE>6326</DEFECTCODE><DESCRIPTION>Potential comparison of a constant with another constant.</DESCRIPTION><FUNCTION>Eigen::PlainObjectBase&lt;Eigen::Matrix&lt;float,3,1,0,3,1&gt; &gt;::resizeLike</FUNCTION><DECORATED>??$resizeLike@V?$Matrix@M$02$00$0A@$02$00@Eigen@@@?$PlainObjectBase@V?$Matrix@M$02$00$0A@$02$00@Eigen@@@Eigen@@QEAAXAEBU?$EigenBase@V?$Matrix@M$02$00$0A@$02$00@Eigen@@@1@@Z</DECORATED><FUNCLINE>315</FUNCLINE><PATH/></DEFECT><DEFECT><SFA><FILEPATH>c:\users\arjun\documents\opengl_configuration\nanogui\ext\eigen\eigen\src\core\</FILEPATH><FILENAME>plainobjectbase.h</FILENAME><LINE>320</LINE><COLUMN>27</COLUMN></SFA><DEFECTCODE>6326</DEFECTCODE><DESCRIPTION>Potential comparison of a constant with another constant.</DESCRIPTION><FUNCTION>Eigen::PlainObjectBase&lt;Eigen::Matrix&lt;float,2,1,0,2,1&gt; &gt;::resizeLike</FUNCTION><DECORATED>??$resizeLike@V?$CwiseUnaryOp@U?$scalar_multiple_op@M@internal@Eigen@@$$CBV?$CwiseUnaryOp@U?$scalar_cast_op@HM@internal@Eigen@@$$CBV?$Matrix@H$01$00$0A@$01$00@3@@3@@Eigen@@@?$PlainObjectBase@V?$Matrix@M$01$00$0A@$01$00@Eigen@@@Eigen@@QEAAXAEBU?$EigenBase@V?$CwiseUnaryOp@U?$scalar_multiple_op@M@internal@Eigen@@$$CBV?$CwiseUnaryOp@U?$scalar_cast_op@HM@internal@Eigen@@$$CBV?$Matrix@H$01$00$0A@$01$00@3@@3@@Eigen@@@1@@Z</DECORATED><FUNCLINE>315</FUNCLINE><PATH/></DEFECT><DEFECT><SFA><FILEPATH>c:\users\arjun\documents\opengl_configuration\nanogui\ext\eigen\eigen\src\core\</FILEPATH><FILENAME>plainobjectbase.h</FILENAME><LINE>325</LINE><COLUMN>32</COLUMN></SFA><DEFECTCODE>6326</DEFECTCODE><DESCRIPTION>Potential comparison of a constant with another constant.</DESCRIPTION><FUNCTION>Eigen::PlainObjectBase&lt;Eigen::Matrix&lt;float,2,1,0,2,1&gt; &gt;::resizeLike</FUNCTION><DECORATED>??$resizeLike@V?$CwiseUnaryOp@U?$scalar_multiple_op@M@internal@Eigen@@$$CBV?$CwiseUnaryOp@U?$scalar_cast_op@HM@internal@Eigen@@$$CBV?$Matrix@H$01$00$0A@$01$00@3@@3@@Eigen@@@?$PlainObjectBase@V?$Matrix@M$01$00$0A@$01$00@Eigen@@@Eigen@@QEAAXAEBU?$EigenBase@V?$CwiseUnaryOp@U?$scalar_multiple_op@M@internal@Eigen@@$$CBV?$CwiseUnaryOp@U?$scalar_cast_op@HM@internal@Eigen@@$$CBV?$Matrix@H$01$00$0A@$01$00@3@@3@@Eigen@@@1@@Z</DECORATED><FUNCLINE>315</FUNCLINE><PATH/></DEFECT><DEFECT><SFA><FILEPATH>c:\users\arjun\documents\opengl_configuration\nanogui\ext\eigen\eigen\src\core\</FILEPATH><FILENAME>plainobjectbase.h</FILENAME><LINE>320</LINE><COLUMN>27</COLUMN></SFA><DEFECTCODE>6326</DEFECTCODE><DESCRIPTION>Potential comparison of a constant with another constant.</DESCRIPTION><FUNCTION>Eigen::PlainObjectBase&lt;Eigen::Matrix&lt;int,2,1,0,2,1&gt; &gt;::resizeLike</FUNCTION><DECORATED>??$resizeLike@V?$CwiseUnaryOp@U?$scalar_cast_op@MH@internal@Eigen@@$$CBV?$CwiseUnaryOp@U?$scalar_multiple_op@M@internal@Eigen@@$$CBV?$CwiseUnaryOp@U?$scalar_cast_op@HM@internal@Eigen@@$$CBV?$Matrix@H$01$00$0A@$01$00@3@@3@@3@@Eigen@@@?$PlainObjectBase@V?$Matrix@H$01$00$0A@$01$00@Eigen@@@Eigen@@QEAAXAEBU?$EigenBase@V?$CwiseUnaryOp@U?$scalar_cast_op@MH@internal@Eigen@@$$CBV?$CwiseUnaryOp@U?$scalar_multiple_op@M@internal@Eigen@@$$CBV?$CwiseUnaryOp@U?$scalar_cast_op@HM@internal@Eigen@@$$CBV?$Matrix@H$01$00$0A@$01$00@3@@3@@3@@Eigen@@@1@@Z</DECORATED><FUNCLINE>315</FUNCLINE><PATH/></DEFECT><DEFECT><SFA><FILEPATH>c:\users\arjun\documents\opengl_configuration\nanogui\ext\eigen\eigen\src\core\</FILEPATH><FILENAME>plainobjectbase.h</FILENAME><LINE>325</LINE><COLUMN>32</COLUMN></SFA><DEFECTCODE>6326</DEFECTCODE><DESCRIPTION>Potential comparison of a constant with another constant.</DESCRIPTION><FUNCTION>Eigen::PlainObjectBase&lt;Eigen::Matrix&lt;int,2,1,0,2,1&gt; &gt;::resizeLike</FUNCTION><DECORATED>??$resizeLike@V?$CwiseUnaryOp@U?$scalar_cast_op@MH@internal@Eigen@@$$CBV?$CwiseUnaryOp@U?$scalar_multiple_op@M@internal@Eigen@@$$CBV?$CwiseUnaryOp@U?$scalar_cast_op@HM@internal@Eigen@@$$CBV?$Matrix@H$01$00$0A@$01$00@3@@3@@3@@Eigen@@@?$PlainObjectBase@V?$Matrix@H$01$00$0A@$01$00@Eigen@@@Eigen@@QEAAXAEBU?$EigenBase@V?$CwiseUnaryOp@U?$scalar_cast_op@MH@internal@Eigen@@$$CBV?$CwiseUnaryOp@U?$scalar_multiple_op@M@internal@Eigen@@$$CBV?$CwiseUnaryOp@U?$scalar_cast_op@HM@internal@Eigen@@$$CBV?$Matrix@H$01$00$0A@$01$00@3@@3@@3@@Eigen@@@1@@Z</DECORATED><FUNCLINE>315</FUNCLINE><PATH/></DEFECT><DEFECT><SFA><FILEPATH>c:\users\arjun\documents\opengl_configuration\nanogui\ext\eigen\eigen\src\core\</FILEPATH><FILENAME>plainobjectbase.h</FILENAME><LINE>320</LINE><COLUMN>27</COLUMN></SFA><DEFECTCODE>6326</DEFECTCODE><DESCRIPTION>Potential comparison of a constant with another constant.</DESCRIPTION><FUNCTION>Eigen::PlainObjectBase&lt;Eigen::Matrix&lt;float,2,1,0,2,1&gt; &gt;::resizeLike</FUNCTION><DECORATED>??$resizeLike@V?$CwiseUnaryOp@U?$scalar_cast_op@HM@internal@Eigen@@$$CBV?$Matrix@H$01$00$0A@$01$00@3@@Eigen@@@?$PlainObjectBase@V?$Matrix@M$01$00$0A@$01$00@Eigen@@@Eigen@@QEAAXAEBU?$EigenBase@V?$CwiseUnaryOp@U?$scalar_cast_op@HM@internal@Eigen@@$$CBV?$Matrix@H$01$00$0A@$01$00@3@@Eigen@@@1@@Z</DECORATED><FUNCLINE>315</FUNCLINE><PATH/></DEFECT><DEFECT><SFA><FILEPATH>c:\users\arjun\documents\opengl_configuration\nanogui\ext\eigen\eigen\src\core\</FILEPATH><FILENAME>plainobjectbase.h</FILENAME><LINE>325</LINE><COLUMN>32</COLUMN></SFA><DEFECTCODE>6326</DEFECTCODE><DESCRIPTION>Potential comparison of a constant with another constant.</DESCRIPTION><FUNCTION>Eigen::PlainObjectBase&lt;Eigen::Matrix&lt;float,2,1,0,2,1&gt; &gt;::resizeLike</FUNCTION><DECORATED>??$resizeLike@V?$CwiseUnaryOp@U?$scalar_cast_op@HM@internal@Eigen@@$$CBV?$Matrix@H$01$00$0A@$01$00@3@@Eigen@@@?$PlainObjectBase@V?$Matrix@M$01$00$0A@$01$00@Eigen@@@Eigen@@QEAAXAEBU?$EigenBase@V?$CwiseUnaryOp@U?$scalar_cast_op@HM@internal@Eigen@@$$CBV?$Matrix@H$01$00$0A@$01$00@3@@Eigen@@@1@@Z</DECORATED><FUNCLINE>315</FUNCLINE><PATH/></DEFECT><DEFECT><SFA><FILEPATH>c:\users\arjun\documents\opengl_configuration\nanogui\ext\eigen\eigen\src\core\</FILEPATH><FILENAME>plainobjectbase.h</FILENAME><LINE>320</LINE><COLUMN>27</COLUMN></SFA><DEFECTCODE>6326</DEFECTCODE><DESCRIPTION>Potential comparison of a constant with another constant.</DESCRIPTION><FUNCTION>Eigen::PlainObjectBase&lt;Eigen::Matrix&lt;float,4,4,0,4,4&gt; &gt;::resizeLike</FUNCTION><DECORATED>??$resizeLike@V?$CwiseNullaryOp@U?$scalar_identity_op@M@internal@Eigen@@V?$Matrix@M$03$03$0A@$03$03@3@@Eigen@@@?$PlainObjectBase@V?$Matrix@M$03$03$0A@$03$03@Eigen@@@Eigen@@QEAAXAEBU?$EigenBase@V?$CwiseNullaryOp@U?$scalar_identity_op@M@internal@Eigen@@V?$Matrix@M$03$03$0A@$03$03@3@@Eigen@@@1@@Z</DECORATED><FUNCLINE>315</FUNCLINE><PATH/></DEFECT><DEFECT><SFA><FILEPATH>c:\users\arjun\documents\opengl_configuration\nanogui\ext\eigen\eigen\src\core\</FILEPATH><FILENAME>plainobjectbase.h</FILENAME><LINE>325</LINE><COLUMN>32</COLUMN></SFA><DEFECTCODE>6326</DEFECTCODE><DESCRIPTION>Potential comparison of a constant with another constant.</DESCRIPTION><FUNCTION>Eigen::PlainObjectBase&lt;Eigen::Matrix&lt;float,4,4,0,4,4&gt; &gt;::resizeLike</FUNCTION><DECORATED>??$resizeLike@V?$CwiseNullaryOp@U?$scalar_identity_op@M@internal@Eigen@@V?$Matrix@M$03$03$0A@$03$03@3@@Eigen@@@?$PlainObjectBase@V?$Matrix@M$03$03$0A@$03$03@Eigen@@@Eigen@@QEAAXAEBU?$EigenBase@V?$CwiseNullaryOp@U?$scalar_identity_op@M@internal@Eigen@@V?$Matrix@M$03$03$0A@$03$03@3@@Eigen@@@1@@Z</DECORATED><FUNCLINE>315</FUNCLINE><PATH/></DEFECT><DEFECT><SFA><FILEPATH>c:\users\arjun\documents\opengl_configuration\nanogui\ext\eigen\eigen\src\core\</FILEPATH><FILENAME>plainobjectbase.h</FILENAME><LINE>320</LINE><COLUMN>27</COLUMN></SFA><DEFECTCODE>6326</DEFECTCODE><DESCRIPTION>Potential comparison of a constant with another constant.</DESCRIPTION><FUNCTION>Eigen::PlainObjectBase&lt;Eigen::Matrix&lt;int,2,1,0,2,1&gt; &gt;::resizeLike</FUNCTION><DECORATED>??$resizeLike@V?$CwiseNullaryOp@U?$scalar_constant_op@H@internal@Eigen@@V?$Matrix@H$01$00$0A@$01$00@3@@Eigen@@@?$PlainObjectBase@V?$Matrix@H$01$00$0A@$01$00@Eigen@@@Eigen@@QEAAXAEBU?$EigenBase@V?$CwiseNullaryOp@U?$scalar_constant_op@H@internal@Eigen@@V?$Matrix@H$01$00$0A@$01$00@3@@Eigen@@@1@@Z</DECORATED><FUNCLINE>315</FUNCLINE><PATH/></DEFECT><DEFECT><SFA><FILEPATH>c:\users\arjun\documents\opengl_configuration\nanogui\ext\eigen\eigen\src\core\</FILEPATH><FILENAME>plainobjectbase.h</FILENAME><LINE>325</LINE><COLUMN>32</COLUMN></SFA><DEFECTCODE>6326</DEFECTCODE><DESCRIPTION>Potential comparison of a constant with another constant.</DESCRIPTION><FUNCTION>Eigen::PlainObjectBase&lt;Eigen::Matrix&lt;int,2,1,0,2,1&gt; &gt;::resizeLike</FUNCTION><DECORATED>??$resizeLike@V?$CwiseNullaryOp@U?$scalar_constant_op@H@internal@Eigen@@V?$Matrix@H$01$00$0A@$01$00@3@@Eigen@@@?$PlainObjectBase@V?$Matrix@H$01$00$0A@$01$00@Eigen@@@Eigen@@QEAAXAEBU?$EigenBase@V?$CwiseNullaryOp@U?$scalar_constant_op@H@internal@Eigen@@V?$Matrix@H$01$00$0A@$01$00@3@@Eigen@@@1@@Z</DECORATED><FUNCLINE>315</FUNCLINE><PATH/></DEFECT><DEFECT><SFA><FILEPATH>c:\users\arjun\documents\opengl_configuration\nanogui\ext\eigen\eigen\src\core\</FILEPATH><FILENAME>plainobjectbase.h</FILENAME><LINE>320</LINE><COLUMN>27</COLUMN></SFA><DEFECTCODE>6326</DEFECTCODE><DESCRIPTION>Potential comparison of a constant with another constant.</DESCRIPTION><FUNCTION>Eigen::PlainObjectBase&lt;Eigen::Matrix&lt;int,2,1,0,2,1&gt; &gt;::resizeLike</FUNCTION><DECORATED>??$resizeLike@V?$CwiseBinaryOp@U?$scalar_sum_op@H@internal@Eigen@@$$CBV?$Matrix@H$01$00$0A@$01$00@3@$$CBV43@@Eigen@@@?$PlainObjectBase@V?$Matrix@H$01$00$0A@$01$00@Eigen@@@Eigen@@QEAAXAEBU?$EigenBase@V?$CwiseBinaryOp@U?$scalar_sum_op@H@internal@Eigen@@$$CBV?$Matrix@H$01$00$0A@$01$00@3@$$CBV43@@Eigen@@@1@@Z</DECORATED><FUNCLINE>315</FUNCLINE><PATH/></DEFECT><DEFECT><SFA><FILEPATH>c:\users\arjun\documents\opengl_configuration\nanogui\ext\eigen\eigen\src\core\</FILEPATH><FILENAME>plainobjectbase.h</FILENAME><LINE>325</LINE><COLUMN>32</COLUMN></SFA><DEFECTCODE>6326</DEFECTCODE><DESCRIPTION>Potential comparison of a constant with another constant.</DESCRIPTION><FUNCTION>Eigen::PlainObjectBase&lt;Eigen::Matrix&lt;int,2,1,0,2,1&gt; &gt;::resizeLike</FUNCTION><DECORATED>??$resizeLike@V?$CwiseBinaryOp@U?$scalar_sum_op@H@internal@Eigen@@$$CBV?$Matrix@H$01$00$0A@$01$00@3@$$CBV43@@Eigen@@@?$PlainObjectBase@V?$Matrix@H$01$00$0A@$01$00@Eigen@@@Eigen@@QEAAXAEBU?$EigenBase@V?$CwiseBinaryOp@U?$scalar_sum_op@H@internal@Eigen@@$$CBV?$Matrix@H$01$00$0A@$01$00@3@$$CBV43@@Eigen@@@1@@Z</DECORATED><FUNCLINE>315</FUNCLINE><PATH/></DEFECT><DEFECT><SFA><FILEPATH>c:\users\arjun\documents\opengl_configuration\nanogui\ext\eigen\eigen\src\core\</FILEPATH><FILENAME>plainobjectbase.h</FILENAME><LINE>320</LINE><COLUMN>27</COLUMN></SFA><DEFECTCODE>6326</DEFECTCODE><DESCRIPTION>Potential comparison of a constant with another constant.</DESCRIPTION><FUNCTION>Eigen::PlainObjectBase&lt;Eigen::Matrix&lt;int,3,1,0,3,1&gt; &gt;::resizeLike</FUNCTION><DECORATED>??$resizeLike@V?$CwiseNullaryOp@U?$scalar_constant_op@H@internal@Eigen@@V?$Matrix@H$02$00$0A@$02$00@3@@Eigen@@@?$PlainObjectBase@V?$Matrix@H$02$00$0A@$02$00@Eigen@@@Eigen@@QEAAXAEBU?$EigenBase@V?$CwiseNullaryOp@U?$scalar_constant_op@H@internal@Eigen@@V?$Matrix@H$02$00$0A@$02$00@3@@Eigen@@@1@@Z</DECORATED><FUNCLINE>315</FUNCLINE><PATH/></DEFECT><DEFECT><SFA><FILEPATH>c:\users\arjun\documents\opengl_configuration\nanogui\ext\eigen\eigen\src\core\</FILEPATH><FILENAME>plainobjectbase.h</FILENAME><LINE>325</LINE><COLUMN>32</COLUMN></SFA><DEFECTCODE>6326</DEFECTCODE><DESCRIPTION>Potential comparison of a constant with another constant.</DESCRIPTION><FUNCTION>Eigen::PlainObjectBase&lt;Eigen::Matrix&lt;int,3,1,0,3,1&gt; &gt;::resizeLike</FUNCTION><DECORATED>??$resizeLike@V?$CwiseNullaryOp@U?$scalar_constant_op@H@internal@Eigen@@V?$Matrix@H$02$00$0A@$02$00@3@@Eigen@@@?$PlainObjectBase@V?$Matrix@H$02$00$0A@$02$00@Eigen@@@Eigen@@QEAAXAEBU?$EigenBase@V?$CwiseNullaryOp@U?$scalar_constant_op@H@internal@Eigen@@V?$Matrix@H$02$00$0A@$02$00@3@@Eigen@@@1@@Z</DECORATED><FUNCLINE>315</FUNCLINE><PATH/></DEFECT><DEFECT><SFA><FILEPATH>c:\users\arjun\documents\opengl_configuration\nanogui\ext\eigen\eigen\src\core\</FILEPATH><FILENAME>plainobjectbase.h</FILENAME><LINE>320</LINE><COLUMN>27</COLUMN></SFA><DEFECTCODE>6326</DEFECTCODE><DESCRIPTION>Potential comparison of a constant with another constant.</DESCRIPTION><FUNCTION>Eigen::PlainObjectBase&lt;Eigen::Matrix&lt;float,3,1,0,3,1&gt; &gt;::resizeLike</FUNCTION><DECORATED>??$resizeLike@V?$CwiseNullaryOp@U?$scalar_constant_op@M@internal@Eigen@@V?$Matrix@M$02$00$0A@$02$00@3@@Eigen@@@?$PlainObjectBase@V?$Matrix@M$02$00$0A@$02$00@Eigen@@@Eigen@@QEAAXAEBU?$EigenBase@V?$CwiseNullaryOp@U?$scalar_constant_op@M@internal@Eigen@@V?$Matrix@M$02$00$0A@$02$00@3@@Eigen@@@1@@Z</DECORATED><FUNCLINE>315</FUNCLINE><PATH/></DEFECT><DEFECT><SFA><FILEPATH>c:\users\arjun\documents\opengl_configuration\nanogui\ext\eigen\eigen\src\core\</FILEPATH><FILENAME>plainobjectbase.h</FILENAME><LINE>325</LINE><COLUMN>32</COLUMN></SFA><DEFECTCODE>6326</DEFECTCODE><DESCRIPTION>Potential comparison of a constant with another constant.</DESCRIPTION><FUNCTION>Eigen::PlainObjectBase&lt;Eigen::Matrix&lt;float,3,1,0,3,1&gt; &gt;::resizeLike</FUNCTION><DECORATED>??$resizeLike@V?$CwiseNullaryOp@U?$scalar_constant_op@M@internal@Eigen@@V?$Matrix@M$02$00$0A@$02$00@3@@Eigen@@@?$PlainObjectBase@V?$Matrix@M$02$00$0A@$02$00@Eigen@@@Eigen@@QEAAXAEBU?$EigenBase@V?$CwiseNullaryOp@U?$scalar_constant_op@M@internal@Eigen@@V?$Matrix@M$02$00$0A@$02$00@3@@Eigen@@@1@@Z</DECORATED><FUNCLINE>315</FUNCLINE><PATH/></DEFECT><DEFECT><SFA><FILEPATH>c:\users\arjun\documents\opengl_configuration\nanogui\ext\eigen\eigen\src\core\</FILEPATH><FILENAME>plainobjectbase.h</FILENAME><LINE>320</LINE><COLUMN>27</COLUMN></SFA><DEFECTCODE>6326</DEFECTCODE><DESCRIPTION>Potential comparison of a constant with another constant.</DESCRIPTION><FUNCTION>Eigen::PlainObjectBase&lt;Eigen::Matrix&lt;float,4,1,0,4,1&gt; &gt;::resizeLike</FUNCTION><DECORATED>??$resizeLike@V?$CwiseUnaryOp@U?$scalar_quotient1_op@M@internal@Eigen@@$$CBV?$CwiseUnaryOp@U?$scalar_cast_op@HM@internal@Eigen@@$$CBV?$Matrix@H$03$00$0A@$03$00@3@@3@@Eigen@@@?$PlainObjectBase@V?$Matrix@M$03$00$0A@$03$00@Eigen@@@Eigen@@QEAAXAEBU?$EigenBase@V?$CwiseUnaryOp@U?$scalar_quotient1_op@M@internal@Eigen@@$$CBV?$CwiseUnaryOp@U?$scalar_cast_op@HM@internal@Eigen@@$$CBV?$Matrix@H$03$00$0A@$03$00@3@@3@@Eigen@@@1@@Z</DECORATED><FUNCLINE>315</FUNCLINE><PATH/></DEFECT><DEFECT><SFA><FILEPATH>c:\users\arjun\documents\opengl_configuration\nanogui\ext\eigen\eigen\src\core\</FILEPATH><FILENAME>plainobjectbase.h</FILENAME><LINE>325</LINE><COLUMN>32</COLUMN></SFA><DEFECTCODE>6326</DEFECTCODE><DESCRIPTION>Potential comparison of a constant with another constant.</DESCRIPTION><FUNCTION>Eigen::PlainObjectBase&lt;Eigen::Matrix&lt;float,4,1,0,4,1&gt; &gt;::resizeLike</FUNCTION><DECORATED>??$resizeLike@V?$CwiseUnaryOp@U?$scalar_quotient1_op@M@internal@Eigen@@$$CBV?$CwiseUnaryOp@U?$scalar_cast_op@HM@internal@Eigen@@$$CBV?$Matrix@H$03$00$0A@$03$00@3@@3@@Eigen@@@?$PlainObjectBase@V?$Matrix@M$03$00$0A@$03$00@Eigen@@@Eigen@@QEAAXAEBU?$EigenBase@V?$CwiseUnaryOp@U?$scalar_quotient1_op@M@internal@Eigen@@$$CBV?$CwiseUnaryOp@U?$scalar_cast_op@HM@internal@Eigen@@$$CBV?$Matrix@H$03$00$0A@$03$00@3@@3@@Eigen@@@1@@Z</DECORATED><FUNCLINE>315</FUNCLINE><PATH/></DEFECT><DEFECT><SFA><FILEPATH>c:\users\arjun\documents\opengl_configuration\nanogui\ext\eigen\eigen\src\core\</FILEPATH><FILENAME>plainobjectbase.h</FILENAME><LINE>320</LINE><COLUMN>27</COLUMN></SFA><DEFECTCODE>6326</DEFECTCODE><DESCRIPTION>Potential comparison of a constant with another constant.</DESCRIPTION><FUNCTION>Eigen::PlainObjectBase&lt;Eigen::Matrix&lt;float,3,1,0,3,1&gt; &gt;::resizeLike</FUNCTION><DECORATED>??$resizeLike@V?$CwiseUnaryOp@U?$scalar_quotient1_op@M@internal@Eigen@@$$CBV?$CwiseUnaryOp@U?$scalar_cast_op@HM@internal@Eigen@@$$CBV?$Matrix@H$02$00$0A@$02$00@3@@3@@Eigen@@@?$PlainObjectBase@V?$Matrix@M$02$00$0A@$02$00@Eigen@@@Eigen@@QEAAXAEBU?$EigenBase@V?$CwiseUnaryOp@U?$scalar_quotient1_op@M@internal@Eigen@@$$CBV?$CwiseUnaryOp@U?$scalar_cast_op@HM@internal@Eigen@@$$CBV?$Matrix@H$02$00$0A@$02$00@3@@3@@Eigen@@@1@@Z</DECORATED><FUNCLINE>315</FUNCLINE><PATH/></DEFECT><DEFECT><SFA><FILEPATH>c:\users\arjun\documents\opengl_configuration\nanogui\ext\eigen\eigen\src\core\</FILEPATH><FILENAME>plainobjectbase.h</FILENAME><LINE>325</LINE><COLUMN>32</COLUMN></SFA><DEFECTCODE>6326</DEFECTCODE><DESCRIPTION>Potential comparison of a constant with another constant.</DESCRIPTION><FUNCTION>Eigen::PlainObjectBase&lt;Eigen::Matrix&lt;float,3,1,0,3,1&gt; &gt;::resizeLike</FUNCTION><DECORATED>??$resizeLike@V?$CwiseUnaryOp@U?$scalar_quotient1_op@M@internal@Eigen@@$$CBV?$CwiseUnaryOp@U?$scalar_cast_op@HM@internal@Eigen@@$$CBV?$Matrix@H$02$00$0A@$02$00@3@@3@@Eigen@@@?$PlainObjectBase@V?$Matrix@M$02$00$0A@$02$00@Eigen@@@Eigen@@QEAAXAEBU?$EigenBase@V?$CwiseUnaryOp@U?$scalar_quotient1_op@M@internal@Eigen@@$$CBV?$CwiseUnaryOp@U?$scalar_cast_op@HM@internal@Eigen@@$$CBV?$Matrix@H$02$00$0A@$02$00@3@@3@@Eigen@@@1@@Z</DECORATED><FUNCLINE>315</FUNCLINE><PATH/></DEFECT><DEFECT><SFA><FILEPATH>c:\users\arjun\documents\opengl_configuration\nanogui\ext\eigen\eigen\src\core\</FILEPATH><FILENAME>densecoeffsbase.h</FILENAME><LINE>74</LINE><COLUMN>45</COLUMN></SFA><DEFECTCODE>6326</DEFECTCODE><DESCRIPTION>Potential comparison of a constant with another constant.</DESCRIPTION><FUNCTION>Eigen::DenseCoeffsBase&lt;Eigen::CwiseUnaryOp&lt;Eigen::internal::scalar_abs2_op&lt;float&gt;,Eigen::Matrix&lt;float,4,1,0,4,1&gt; const &gt;,0&gt;::colIndexByOuterInner</FUNCTION><DECORATED>?colIndexByOuterInner@?$DenseCoeffsBase@V?$CwiseUnaryOp@U?$scalar_abs2_op@M@internal@Eigen@@$$CBV?$Matrix@M$03$00$0A@$03$00@3@@Eigen@@$0A@@Eigen@@QEBA_J_J0@Z</DECORATED><FUNCLINE>72</FUNCLINE><PATH/></DEFECT><DEFECT><SFA><FILEPATH>c:\users\arjun\documents\opengl_configuration\nanogui\ext\eigen\eigen\src\core\</FILEPATH><FILENAME>densecoeffsbase.h</FILENAME><LINE>75</LINE><COLUMN>44</COLUMN></SFA><DEFECTCODE>6326</DEFECTCODE><DESCRIPTION>Potential comparison of a constant with another constant.</DESCRIPTION><FUNCTION>Eigen::DenseCoeffsBase&lt;Eigen::CwiseUnaryOp&lt;Eigen::internal::scalar_abs2_op&lt;float&gt;,Eigen::Matrix&lt;float,4,1,0,4,1&gt; const &gt;,0&gt;::colIndexByOuterInner</FUNCTION><DECORATED>?colIndexByOuterInner@?$DenseCoeffsBase@V?$CwiseUnaryOp@U?$scalar_abs2_op@M@internal@Eigen@@$$CBV?$Matrix@M$03$00$0A@$03$00@3@@Eigen@@$0A@@Eigen@@QEBA_J_J0@Z</DECORATED><FUNCLINE>72</FUNCLINE><PATH/></DEFECT><DEFECT><SFA><FILEPATH>c:\users\arjun\documents\opengl_configuration\nanogui\ext\eigen\eigen\src\core\</FILEPATH><FILENAME>densecoeffsbase.h</FILENAME><LINE>66</LINE><COLUMN>45</COLUMN></SFA><DEFECTCODE>6326</DEFECTCODE><DESCRIPTION>Potential comparison of a constant with another constant.</DESCRIPTION><FUNCTION>Eigen::DenseCoeffsBase&lt;Eigen::CwiseUnaryOp&lt;Eigen::internal::scalar_abs2_op&lt;float&gt;,Eigen::Matrix&lt;float,4,1,0,4,1&gt; const &gt;,0&gt;::rowIndexByOuterInner</FUNCTION><DECORATED>?rowIndexByOuterInner@?$DenseCoeffsBase@V?$CwiseUnaryOp@U?$scalar_abs2_op@M@internal@Eigen@@$$CBV?$Matrix@M$03$00$0A@$03$00@3@@Eigen@@$0A@@Eigen@@QEBA_J_J0@Z</DECORATED><FUNCLINE>64</FUNCLINE><PATH/></DEFECT><DEFECT><SFA><FILEPATH>c:\users\arjun\documents\opengl_configuration\nanogui\ext\eigen\eigen\src\core\</FILEPATH><FILENAME>densecoeffsbase.h</FILENAME><LINE>67</LINE><COLUMN>44</COLUMN></SFA><DEFECTCODE>6326</DEFECTCODE><DESCRIPTION>Potential comparison of a constant with another constant.</DESCRIPTION><FUNCTION>Eigen::DenseCoeffsBase&lt;Eigen::CwiseUnaryOp&lt;Eigen::internal::scalar_abs2_op&lt;float&gt;,Eigen::Matrix&lt;float,4,1,0,4,1&gt; const &gt;,0&gt;::rowIndexByOuterInner</FUNCTION><DECORATED>?rowIndexByOuterInner@?$DenseCoeffsBase@V?$CwiseUnaryOp@U?$scalar_abs2_op@M@internal@Eigen@@$$CBV?$Matrix@M$03$00$0A@$03$00@3@@Eigen@@$0A@@Eigen@@QEBA_J_J0@Z</DECORATED><FUNCLINE>64</FUNCLINE><PATH/></DEFECT><DEFECT><SFA><FILEPATH>c:\users\arjun\documents\opengl_configuration\nanogui\ext\eigen\eigen\src\core\</FILEPATH><FILENAME>plainobjectbase.h</FILENAME><LINE>320</LINE><COLUMN>27</COLUMN></SFA><DEFECTCODE>6326</DEFECTCODE><DESCRIPTION>Potential comparison of a constant with another constant.</DESCRIPTION><FUNCTION>Eigen::PlainObjectBase&lt;Eigen::Matrix&lt;float,2,1,0,2,1&gt; &gt;::resizeLike</FUNCTION><DECORATED>??$resizeLike@V?$Matrix@M$01$00$0A@$01$00@Eigen@@@?$PlainObjectBase@V?$Matrix@M$01$00$0A@$01$00@Eigen@@@Eigen@@QEAAXAEBU?$EigenBase@V?$Matrix@M$01$00$0A@$01$00@Eigen@@@1@@Z</DECORATED><FUNCLINE>315</FUNCLINE><PATH/></DEFECT><DEFECT><SFA><FILEPATH>c:\users\arjun\documents\opengl_configuration\nanogui\ext\eigen\eigen\src\core\</FILEPATH><FILENAME>plainobjectbase.h</FILENAME><LINE>325</LINE><COLUMN>32</COLUMN></SFA><DEFECTCODE>6326</DEFECTCODE><DESCRIPTION>Potential comparison of a constant with another constant.</DESCRIPTION><FUNCTION>Eigen::PlainObjectBase&lt;Eigen::Matrix&lt;float,2,1,0,2,1&gt; &gt;::resizeLike</FUNCTION><DECORATED>??$resizeLike@V?$Matrix@M$01$00$0A@$01$00@Eigen@@@?$PlainObjectBase@V?$Matrix@M$01$00$0A@$01$00@Eigen@@@Eigen@@QEAAXAEBU?$EigenBase@V?$Matrix@M$01$00$0A@$01$00@Eigen@@@1@@Z</DECORATED><FUNCLINE>315</FUNCLINE><PATH/></DEFECT><DEFECT><SFA><FILEPATH>c:\users\arjun\documents\opengl_configuration\nanogui\ext\eigen\eigen\src\core\</FILEPATH><FILENAME>plainobjectbase.h</FILENAME><LINE>320</LINE><COLUMN>27</COLUMN></SFA><DEFECTCODE>6326</DEFECTCODE><DESCRIPTION>Potential comparison of a constant with another constant.</DESCRIPTION><FUNCTION>Eigen::PlainObjectBase&lt;Eigen::Matrix&lt;float,-1,1,0,-1,1&gt; &gt;::resizeLike</FUNCTION><DECORATED>??$resizeLike@V?$Matrix@M$0?0$00$0A@$0?0$00@Eigen@@@?$PlainObjectBase@V?$Matrix@M$0?0$00$0A@$0?0$00@Eigen@@@Eigen@@QEAAXAEBU?$EigenBase@V?$Matrix@M$0?0$00$0A@$0?0$00@Eigen@@@1@@Z</DECORATED><FUNCLINE>315</FUNCLINE><PATH/></DEFECT><DEFECT><SFA><FILEPATH>c:\users\arjun\documents\opengl_configuration\nanogui\ext\eigen\eigen\src\core\</FILEPATH><FILENAME>plainobjectbase.h</FILENAME><LINE>325</LINE><COLUMN>32</COLUMN></SFA><DEFECTCODE>6326</DEFECTCODE><DESCRIPTION>Potential comparison of a constant with another constant.</DESCRIPTION><FUNCTION>Eigen::PlainObjectBase&lt;Eigen::Matrix&lt;float,-1,1,0,-1,1&gt; &gt;::resizeLike</FUNCTION><DECORATED>??$resizeLike@V?$Matrix@M$0?0$00$0A@$0?0$00@Eigen@@@?$PlainObjectBase@V?$Matrix@M$0?0$00$0A@$0?0$00@Eigen@@@Eigen@@QEAAXAEBU?$EigenBase@V?$Matrix@M$0?0$00$0A@$0?0$00@Eigen@@@1@@Z</DECORATED><FUNCLINE>315</FUNCLINE><PATH/></DEFECT><DEFECT><SFA><FILEPATH>c:\users\arjun\documents\opengl_configuration\nanogui\ext\eigen\eigen\src\core\</FILEPATH><FILENAME>plainobjectbase.h</FILENAME><LINE>320</LINE><COLUMN>27</COLUMN></SFA><DEFECTCODE>6326</DEFECTCODE><DESCRIPTION>Potential comparison of a constant with another constant.</DESCRIPTION><FUNCTION>Eigen::PlainObjectBase&lt;Eigen::Matrix&lt;float,3,1,0,3,1&gt; &gt;::resizeLike</FUNCTION><DECORATED>??$resizeLike@V?$CwiseUnaryOp@U?$scalar_quotient1_op@M@internal@Eigen@@$$CBV?$Matrix@M$02$00$0A@$02$00@3@@Eigen@@@?$PlainObjectBase@V?$Matrix@M$02$00$0A@$02$00@Eigen@@@Eigen@@QEAAXAEBU?$EigenBase@V?$CwiseUnaryOp@U?$scalar_quotient1_op@M@internal@Eigen@@$$CBV?$Matrix@M$02$00$0A@$02$00@3@@Eigen@@@1@@Z</DECORATED><FUNCLINE>315</FUNCLINE><PATH/></DEFECT><DEFECT><SFA><FILEPATH>c:\users\arjun\documents\opengl_configuration\nanogui\ext\eigen\eigen\src\core\</FILEPATH><FILENAME>plainobjectbase.h</FILENAME><LINE>325</LINE><COLUMN>32</COLUMN></SFA><DEFECTCODE>6326</DEFECTCODE><DESCRIPTION>Potential comparison of a constant with another constant.</DESCRIPTION><FUNCTION>Eigen::PlainObjectBase&lt;Eigen::Matrix&lt;float,3,1,0,3,1&gt; &gt;::resizeLike</FUNCTION><DECORATED>??$resizeLike@V?$CwiseUnaryOp@U?$scalar_quotient1_op@M@internal@Eigen@@$$CBV?$Matrix@M$02$00$0A@$02$00@3@@Eigen@@@?$PlainObjectBase@V?$Matrix@M$02$00$0A@$02$00@Eigen@@@Eigen@@QEAAXAEBU?$EigenBase@V?$CwiseUnaryOp@U?$scalar_quotient1_op@M@internal@Eigen@@$$CBV?$Matrix@M$02$00$0A@$02$00@3@@Eigen@@@1@@Z</DECORATED><FUNCLINE>315</FUNCLINE><PATH/></DEFECT><DEFECT><SFA><FILEPATH>c:\users\arjun\documents\opengl_configuration\nanogui\ext\eigen\eigen\src\core\</FILEPATH><FILENAME>plainobjectbase.h</FILENAME><LINE>320</LINE><COLUMN>27</COLUMN></SFA><DEFECTCODE>6326</DEFECTCODE><DESCRIPTION>Potential comparison of a constant with another constant.</DESCRIPTION><FUNCTION>Eigen::PlainObjectBase&lt;Eigen::Matrix&lt;float,4,1,0,4,1&gt; &gt;::resizeLike</FUNCTION><DECORATED>??$resizeLike@V?$CwiseUnaryOp@U?$scalar_quotient1_op@M@internal@Eigen@@$$CBV?$Matrix@M$03$00$0A@$03$00@3@@Eigen@@@?$PlainObjectBase@V?$Matrix@M$03$00$0A@$03$00@Eigen@@@Eigen@@QEAAXAEBU?$EigenBase@V?$CwiseUnaryOp@U?$scalar_quotient1_op@M@internal@Eigen@@$$CBV?$Matrix@M$03$00$0A@$03$00@3@@Eigen@@@1@@Z</DECORATED><FUNCLINE>315</FUNCLINE><PATH/></DEFECT><DEFECT><SFA><FILEPATH>c:\users\arjun\documents\opengl_configuration\nanogui\ext\eigen\eigen\src\core\</FILEPATH><FILENAME>plainobjectbase.h</FILENAME><LINE>325</LINE><COLUMN>32</COLUMN></SFA><DEFECTCODE>6326</DEFECTCODE><DESCRIPTION>Potential comparison of a constant with another constant.</DESCRIPTION><FUNCTION>Eigen::PlainObjectBase&lt;Eigen::Matrix&lt;float,4,1,0,4,1&gt; &gt;::resizeLike</FUNCTION><DECORATED>??$resizeLike@V?$CwiseUnaryOp@U?$scalar_quotient1_op@M@internal@Eigen@@$$CBV?$Matrix@M$03$00$0A@$03$00@3@@Eigen@@@?$PlainObjectBase@V?$Matrix@M$03$00$0A@$03$00@Eigen@@@Eigen@@QEAAXAEBU?$EigenBase@V?$CwiseUnaryOp@U?$scalar_quotient1_op@M@internal@Eigen@@$$CBV?$Matrix@M$03$00$0A@$03$00@3@@Eigen@@@1@@Z</DECORATED><FUNCLINE>315</FUNCLINE><PATH/></DEFECT><DEFECT><SFA><FILEPATH>c:\users\arjun\documents\opengl_configuration\nanogui\ext\eigen\eigen\src\core\util\</FILEPATH><FILENAME>memory.h</FILENAME><LINE>472</LINE><COLUMN>15</COLUMN></SFA><DEFECTCODE>6326</DEFECTCODE><DESCRIPTION>Potential comparison of a constant with another constant.</DESCRIPTION><FUNCTION>Eigen::internal::first_aligned</FUNCTION><DECORATED>??$first_aligned@M_J@internal@Eigen@@YA_JPEBM_J@Z</DECORATED><FUNCLINE>467</FUNCLINE><PATH/></DEFECT></DEFECTS>