﻿<?xml version="1.0" encoding="utf-8"?><DEFECTS><DEFECT><SFA><FILEPATH>c:\users\arjun\documents\opengl_configuration\nanogui\include\nanogui\</FILEPATH><FILENAME>layout.h</FILENAME><LINE>275</LINE><COLUMN>28</COLUMN></SFA><DEFECTCODE>6340</DEFECTCODE><DESCRIPTION>Mismatch on sign: 'const unsigned char' passed as _Param_(4) when some signed type is required in call to '_snprintf'.</DESCRIPTION><FUNCTION>nanogui::AdvancedGridLayout::Anchor::operator class std::basic_string&lt;char,struct std::char_traits&lt;char&gt;,class std::allocator&lt;char&gt; &gt;</FUNCTION><DECORATED>??BAnchor@AdvancedGridLayout@nanogui@@QEBA?AV?$basic_string@DU?$char_traits@D@std@@V?$allocator@D@2@@std@@XZ</DECORATED><FUNCLINE>273</FUNCLINE><PATH /></DEFECT><DEFECT><SFA><FILEPATH>c:\users\arjun\documents\visual studio 2015\code snippets\assignment6\</FILEPATH><FILENAME>object.h</FILENAME><LINE>126</LINE><COLUMN>13</COLUMN></SFA><DEFECTCODE>6031</DEFECTCODE><DESCRIPTION>Return value ignored: 'sscanf'.</DESCRIPTION><FUNCTION>Object::load_obj</FUNCTION><DECORATED>?load_obj@Object@@QEAAXV?$basic_string@DU?$char_traits@D@std@@V?$allocator@D@2@@std@@@Z</DECORATED><FUNCLINE>79</FUNCLINE><PATH /></DEFECT><DEFECT><SFA><FILEPATH>c:\users\arjun\documents\opengl_configuration\nanogui\ext\eigen\eigen\src\core\</FILEPATH><FILENAME>matrix.h</FILENAME><LINE>219</LINE><COLUMN>27</COLUMN></SFA><DEFECTCODE>6326</DEFECTCODE><DESCRIPTION>Potential comparison of a constant with another constant.</DESCRIPTION><FUNCTION>Eigen::Matrix&lt;float,4,4,0,4,4&gt;::{ctor}</FUNCTION><DECORATED>??0?$Matrix@M$03$03$0A@$03$03@Eigen@@QEAA@$$QEAV01@@Z</DECORATED><FUNCLINE>215</FUNCLINE><PATH /></DEFECT><DEFECT><SFA><FILEPATH>c:\users\arjun\documents\opengl_configuration\nanogui\ext\eigen\eigen\src\core\</FILEPATH><FILENAME>matrix.h</FILENAME><LINE>219</LINE><COLUMN>57</COLUMN></SFA><DEFECTCODE>6326</DEFECTCODE><DESCRIPTION>Potential comparison of a constant with another constant.</DESCRIPTION><FUNCTION>Eigen::Matrix&lt;float,4,4,0,4,4&gt;::{ctor}</FUNCTION><DECORATED>??0?$Matrix@M$03$03$0A@$03$03@Eigen@@QEAA@$$QEAV01@@Z</DECORATED><FUNCLINE>215</FUNCLINE><PATH /></DEFECT><DEFECT><SFA><FILEPATH>c:\users\arjun\documents\opengl_configuration\nanogui\ext\eigen\eigen\src\core\</FILEPATH><FILENAME>cwisebinaryop.h</FILENAME><LINE>144</LINE><COLUMN>93</COLUMN></SFA><DEFECTCODE>6326</DEFECTCODE><DESCRIPTION>Potential comparison of a constant with another constant.</DESCRIPTION><FUNCTION>Eigen::CwiseBinaryOp&lt;Eigen::internal::scalar_difference_op&lt;int&gt;,Eigen::Matrix&lt;int,2,1,0,2,1&gt; const ,Eigen::Matrix&lt;int,2,1,0,2,1&gt; const &gt;::cols</FUNCTION><DECORATED>?cols@?$CwiseBinaryOp@U?$scalar_difference_op@H@internal@Eigen@@$$CBV?$Matrix@H$01$00$0A@$01$00@3@$$CBV43@@Eigen@@QEBA_JXZ</DECORATED><FUNCLINE>142</FUNCLINE><PATH /></DEFECT><DEFECT><SFA><FILEPATH>c:\users\arjun\documents\opengl_configuration\nanogui\ext\eigen\eigen\src\core\</FILEPATH><FILENAME>cwisebinaryop.h</FILENAME><LINE>137</LINE><COLUMN>93</COLUMN></SFA><DEFECTCODE>6326</DEFECTCODE><DESCRIPTION>Potential comparison of a constant with another constant.</DESCRIPTION><FUNCTION>Eigen::CwiseBinaryOp&lt;Eigen::internal::scalar_difference_op&lt;int&gt;,Eigen::Matrix&lt;int,2,1,0,2,1&gt; const ,Eigen::Matrix&lt;int,2,1,0,2,1&gt; const &gt;::rows</FUNCTION><DECORATED>?rows@?$CwiseBinaryOp@U?$scalar_difference_op@H@internal@Eigen@@$$CBV?$Matrix@H$01$00$0A@$01$00@3@$$CBV43@@Eigen@@QEBA_JXZ</DECORATED><FUNCLINE>135</FUNCLINE><PATH /></DEFECT><DEFECT><SFA><FILEPATH>c:\users\arjun\documents\opengl_configuration\nanogui\ext\eigen\eigen\src\core\</FILEPATH><FILENAME>redux.h</FILENAME><LINE>362</LINE><COLUMN>22</COLUMN></SFA><DEFECTCODE>6326</DEFECTCODE><DESCRIPTION>Potential comparison of a constant with another constant.</DESCRIPTION><FUNCTION>Eigen::DenseBase&lt;Eigen::CwiseBinaryOp&lt;Eigen::internal::scalar_product_op&lt;float,float&gt;,Eigen::Matrix&lt;float,4,1,0,4,1&gt; const ,Eigen::Matrix&lt;float,4,1,0,4,1&gt; const &gt; &gt;::sum</FUNCTION><DECORATED>?sum@?$DenseBase@V?$CwiseBinaryOp@U?$scalar_product_op@MM@internal@Eigen@@$$CBV?$Matrix@M$03$00$0A@$03$00@3@$$CBV43@@Eigen@@@Eigen@@QEBAMXZ</DECORATED><FUNCLINE>360</FUNCLINE><PATH /></DEFECT><DEFECT><SFA><FILEPATH>c:\users\arjun\documents\opengl_configuration\nanogui\ext\eigen\eigen\src\core\</FILEPATH><FILENAME>redux.h</FILENAME><LINE>362</LINE><COLUMN>47</COLUMN></SFA><DEFECTCODE>6326</DEFECTCODE><DESCRIPTION>Potential comparison of a constant with another constant.</DESCRIPTION><FUNCTION>Eigen::DenseBase&lt;Eigen::CwiseBinaryOp&lt;Eigen::internal::scalar_product_op&lt;float,float&gt;,Eigen::Matrix&lt;float,4,1,0,4,1&gt; const ,Eigen::Matrix&lt;float,4,1,0,4,1&gt; const &gt; &gt;::sum</FUNCTION><DECORATED>?sum@?$DenseBase@V?$CwiseBinaryOp@U?$scalar_product_op@MM@internal@Eigen@@$$CBV?$Matrix@M$03$00$0A@$03$00@3@$$CBV43@@Eigen@@@Eigen@@QEBAMXZ</DECORATED><FUNCLINE>360</FUNCLINE><PATH /></DEFECT><DEFECT><SFA><FILEPATH>c:\users\arjun\documents\opengl_configuration\nanogui\ext\eigen\eigen\src\core\</FILEPATH><FILENAME>redux.h</FILENAME><LINE>304</LINE><COLUMN>23</COLUMN></SFA><DEFECTCODE>6326</DEFECTCODE><DESCRIPTION>Potential comparison of a constant with another constant.</DESCRIPTION><FUNCTION>Eigen::internal::redux_impl&lt;Eigen::internal::scalar_sum_op&lt;float&gt;,Eigen::CwiseBinaryOp&lt;Eigen::internal::scalar_product_op&lt;float,float&gt;,Eigen::Matrix&lt;float,4,1,0,4,1&gt; const ,Eigen::Matrix&lt;float,4,1,0,4,1&gt; const &gt;,3,2&gt;::run</FUNCTION><DECORATED>?run@?$redux_impl@U?$scalar_sum_op@M@internal@Eigen@@V?$CwiseBinaryOp@U?$scalar_product_op@MM@internal@Eigen@@$$CBV?$Matrix@M$03$00$0A@$03$00@3@$$CBV43@@3@$02$01@internal@Eigen@@SAMAEBV?$CwiseBinaryOp@U?$scalar_product_op@MM@internal@Eigen@@$$CBV?$Matrix@M$03$00$0A@$03$00@3@$$CBV43@@3@AEBU?$scalar_sum_op@M@23@@Z</DECORATED><FUNCLINE>300</FUNCLINE><PATH /></DEFECT><DEFECT><SFA><FILEPATH>c:\users\arjun\documents\opengl_configuration\nanogui\ext\eigen\eigen\src\core\</FILEPATH><FILENAME>densecoeffsbase.h</FILENAME><LINE>74</LINE><COLUMN>45</COLUMN></SFA><DEFECTCODE>6326</DEFECTCODE><DESCRIPTION>Potential comparison of a constant with another constant.</DESCRIPTION><FUNCTION>Eigen::DenseCoeffsBase&lt;Eigen::Matrix&lt;int,2,1,0,2,1&gt;,0&gt;::colIndexByOuterInner</FUNCTION><DECORATED>?colIndexByOuterInner@?$DenseCoeffsBase@V?$Matrix@H$01$00$0A@$01$00@Eigen@@$0A@@Eigen@@QEBA_J_J0@Z</DECORATED><FUNCLINE>72</FUNCLINE><PATH /></DEFECT><DEFECT><SFA><FILEPATH>c:\users\arjun\documents\opengl_configuration\nanogui\ext\eigen\eigen\src\core\</FILEPATH><FILENAME>densecoeffsbase.h</FILENAME><LINE>75</LINE><COLUMN>44</COLUMN></SFA><DEFECTCODE>6326</DEFECTCODE><DESCRIPTION>Potential comparison of a constant with another constant.</DESCRIPTION><FUNCTION>Eigen::DenseCoeffsBase&lt;Eigen::Matrix&lt;int,2,1,0,2,1&gt;,0&gt;::colIndexByOuterInner</FUNCTION><DECORATED>?colIndexByOuterInner@?$DenseCoeffsBase@V?$Matrix@H$01$00$0A@$01$00@Eigen@@$0A@@Eigen@@QEBA_J_J0@Z</DECORATED><FUNCLINE>72</FUNCLINE><PATH /></DEFECT><DEFECT><SFA><FILEPATH>c:\users\arjun\documents\opengl_configuration\nanogui\ext\eigen\eigen\src\core\</FILEPATH><FILENAME>densecoeffsbase.h</FILENAME><LINE>66</LINE><COLUMN>45</COLUMN></SFA><DEFECTCODE>6326</DEFECTCODE><DESCRIPTION>Potential comparison of a constant with another constant.</DESCRIPTION><FUNCTION>Eigen::DenseCoeffsBase&lt;Eigen::Matrix&lt;int,2,1,0,2,1&gt;,0&gt;::rowIndexByOuterInner</FUNCTION><DECORATED>?rowIndexByOuterInner@?$DenseCoeffsBase@V?$Matrix@H$01$00$0A@$01$00@Eigen@@$0A@@Eigen@@QEBA_J_J0@Z</DECORATED><FUNCLINE>64</FUNCLINE><PATH /></DEFECT><DEFECT><SFA><FILEPATH>c:\users\arjun\documents\opengl_configuration\nanogui\ext\eigen\eigen\src\core\</FILEPATH><FILENAME>densecoeffsbase.h</FILENAME><LINE>67</LINE><COLUMN>44</COLUMN></SFA><DEFECTCODE>6326</DEFECTCODE><DESCRIPTION>Potential comparison of a constant with another constant.</DESCRIPTION><FUNCTION>Eigen::DenseCoeffsBase&lt;Eigen::Matrix&lt;int,2,1,0,2,1&gt;,0&gt;::rowIndexByOuterInner</FUNCTION><DECORATED>?rowIndexByOuterInner@?$DenseCoeffsBase@V?$Matrix@H$01$00$0A@$01$00@Eigen@@$0A@@Eigen@@QEBA_J_J0@Z</DECORATED><FUNCLINE>64</FUNCLINE><PATH /></DEFECT><DEFECT><SFA><FILEPATH>c:\users\arjun\documents\opengl_configuration\nanogui\ext\eigen\eigen\src\core\</FILEPATH><FILENAME>plainobjectbase.h</FILENAME><LINE>320</LINE><COLUMN>27</COLUMN></SFA><DEFECTCODE>6326</DEFECTCODE><DESCRIPTION>Potential comparison of a constant with another constant.</DESCRIPTION><FUNCTION>Eigen::PlainObjectBase&lt;Eigen::Matrix&lt;int,2,1,0,2,1&gt; &gt;::resizeLike</FUNCTION><DECORATED>??$resizeLike@V?$Matrix@H$01$00$0A@$01$00@Eigen@@@?$PlainObjectBase@V?$Matrix@H$01$00$0A@$01$00@Eigen@@@Eigen@@QEAAXAEBU?$EigenBase@V?$Matrix@H$01$00$0A@$01$00@Eigen@@@1@@Z</DECORATED><FUNCLINE>315</FUNCLINE><PATH /></DEFECT><DEFECT><SFA><FILEPATH>c:\users\arjun\documents\opengl_configuration\nanogui\ext\eigen\eigen\src\core\</FILEPATH><FILENAME>plainobjectbase.h</FILENAME><LINE>325</LINE><COLUMN>32</COLUMN></SFA><DEFECTCODE>6326</DEFECTCODE><DESCRIPTION>Potential comparison of a constant with another constant.</DESCRIPTION><FUNCTION>Eigen::PlainObjectBase&lt;Eigen::Matrix&lt;int,2,1,0,2,1&gt; &gt;::resizeLike</FUNCTION><DECORATED>??$resizeLike@V?$Matrix@H$01$00$0A@$01$00@Eigen@@@?$PlainObjectBase@V?$Matrix@H$01$00$0A@$01$00@Eigen@@@Eigen@@QEAAXAEBU?$EigenBase@V?$Matrix@H$01$00$0A@$01$00@Eigen@@@1@@Z</DECORATED><FUNCLINE>315</FUNCLINE><PATH /></DEFECT><DEFECT><SFA><FILEPATH>c:\users\arjun\documents\opengl_configuration\nanogui\ext\eigen\eigen\src\core\util\</FILEPATH><FILENAME>memory.h</FILENAME><LINE>472</LINE><COLUMN>15</COLUMN></SFA><DEFECTCODE>6326</DEFECTCODE><DESCRIPTION>Potential comparison of a constant with another constant.</DESCRIPTION><FUNCTION>Eigen::internal::first_aligned</FUNCTION><DECORATED>??$first_aligned@M_J@internal@Eigen@@YA_JPEBM_J@Z</DECORATED><FUNCLINE>467</FUNCLINE><PATH /></DEFECT></DEFECTS>